Database,EndDate,NullDataPoints,RepeatedPoints,StartDate,SCN,Site,Station,Date,Direction,Lane,Speed,Headway,Occupancy,Vehicles,Motorbikes,Cars,Trailers,Rigids,HGVs,Buses
FALSE,2023-02-01 00:00:00,TRUE,TRUE,2023-01-31 00:00:00,R1135D1L1,1135,1135,2023-01-31 00:05:43,1,1,34,1676,0,2,0,2,0,0,0,0
FALSE,2023-02-01 00:00:00,TRUE,TRUE,2023-01-31 00:00:00,R1135D1L1,1135,1135,2023-01-31 00:07:42,1,1,31,549,0,2,0,2,0,0,0,0
FALSE,2023-02-01 00:00:00,TRUE,TRUE,2023-01-31 00:00:00,R1135D1L1,1135,1135,2023-01-31 00:13:42,1,1,22,904,0,2,1,1,0,0,0,0
FALSE,2023-02-01 00:00:00,TRUE,TRUE,2023-01-31 00:00:00,R1135D1L1,1135,1135,2023-01-31 00:17:43,1,1,50,2264,0,1,0,1,0,0,0,0
FALSE,2023-02-01 00:00:00,TRUE,TRUE,2023-01-31 00:00:00,R1135D1L1,1135,1135,2023-01-31 00:19:43,1,1,50,2264,0,1,0,1,0,0,0,0
FALSE,2023-02-01 00:00:00,TRUE,TRUE,2023-01-31 00:00:00,R1135D1L1,1135,1135,2023-01-31 00:23:43,1,1,30,692,0,4,0,4,0,0,0,0
FALSE,2023-02-01 00:00:00,TRUE,TRUE,2023-01-31 00:00:00,R1135D1L1,1135,1135,2023-01-31 00:25:43,1,1,30,692,0,4,0,4,0,0,0,0
FALSE,2023-02-01 00:00:00,TRUE,TRUE,2023-01-31 00:00:00,R1135D1L1,1135,1135,2023-01-31 00:27:43,1,1,76,3158,0,1,0,1,0,0,0,0
FALSE,2023-02-01 00:00:00,TRUE,TRUE,2023-01-31 00:00:00,R1135D1L1,1135,1135,2023-01-31 00:33:43,1,1,31,1596,0,2,0,2,0,0,0,0
FALSE,2023-02-01 00:00:00,TRUE,TRUE,2023-01-31 00:00:00,R1135D1L1,1135,1135,2023-01-31 00:37:42,1,1,35,1231,0,1,0,1,0,0,0,0
FALSE,2023-02-01 00:00:00,TRUE,TRUE,2023-01-31 00:00:00,R1135D1L1,1135,1135,2023-01-31 00:43:42,1,1,29,1626,0,3,0,3,0,0,0,0
FALSE,2023-02-01 00:00:00,TRUE,TRUE,2023-01-31 00:00:00,R1135D1L1,1135,1135,2023-01-31 00:47:43,1,1,0,0,0,0,0,0,0,0,0,0
FALSE,2023-02-01 00:00:00,TRUE,TRUE,2023-01-31 00:00:00,R1135D1L1,1135,1135,2023-01-31 00:57:43,1,1,34,7000,0,1,0,1,0,0,0,0
FALSE,2023-02-01 00:00:00,TRUE,TRUE,2023-01-31 00:00:00,R1135D1L1,1135,1135,2023-01-31 01:03:42,1,1,29,2397,0,2,0,2,0,0,0,0
FALSE,2023-02-01 00:00:00,TRUE,TRUE,2023-01-31 00:00:00,R1135D1L1,1135,1135,2023-01-31 01:07:42,1,1,0,0,0,0,0,0,0,0,0,0
FALSE,2023-02-01 00:00:00,TRUE,TRUE,2023-01-31 00:00:00,R1135D1L1,1135,1135,2023-01-31 01:13:42,1,1,34,2119,0,2,0,2,0,0,0,0
FALSE,2023-02-01 00:00:00,TRUE,TRUE,2023-01-31 00:00:00,R1135D1L1,1135,1135,2023-01-31 01:17:43,1,1,0,0,0,0,0,0,0,0,0,0
FALSE,2023-02-01 00:00:00,TRUE,TRUE,2023-01-31 00:00:00,R1135D1L1,1135,1135,2023-01-31 01:19:43,1,1,0,0,0,0,0,0,0,0,0,0
FALSE,2023-02-01 00:00:00,TRUE,TRUE,2023-01-31 00:00:00,R1135D1L1,1135,1135,2023-01-31 01:23:43,1,1,25,5187,0,1,0,1,0,0,0,0
FALSE,2023-02-01 00:00:00,TRUE,TRUE,2023-01-31 00:00:00,R1135D1L1,1135,1135,2023-01-31 01:27:43,1,1,40,4550,0,1,0,1,0,0,0,0
FALSE,2023-02-01 00:00:00,TRUE,TRUE,2023-01-31 00:00:00,R1135D1L1,1135,1135,2023-01-31 01:33:43,1,1,0,0,0,0,0,0,0,0,0,0
FALSE,2023-02-01 00:00:00,TRUE,TRUE,2023-01-31 00:00:00,R1135D1L1,1135,1135,2023-01-31 01:37:42,1,1,34,2167,0,2,0,2,0,0,0,0
FALSE,2023-02-01 00:00:00,TRUE,TRUE,2023-01-31 00:00:00,R1135D1L1,1135,1135,2023-01-31 01:43:42,1,1,27,3581,0,1,0,1,0,0,0,0
FALSE,2023-02-01 00:00:00,TRUE,TRUE,2023-01-31 00:00:00,R1135D1L1,1135,1135,2023-01-31 01:47:43,1,1,0,0,0,0,0,0,0,0,0,0
FALSE,2023-02-01 00:00:00,TRUE,TRUE,2023-01-31 00:00:00,R1135D1L1,1135,1135,2023-01-31 01:51:42,1,1,24,5575,0,1,0,1,0,0,0,0
FALSE,2023-02-01 00:00:00,TRUE,TRUE,2023-01-31 00:00:00,R1135D1L1,1135,1135,2023-01-31 01:57:43,1,1,0,0,0,0,0,0,0,0,0,0
FALSE,2023-02-01 00:00:00,TRUE,TRUE,2023-01-31 00:00:00,R1135D1L1,1135,1135,2023-01-31 02:03:42,1,1,0,0,0,0,0,0,0,0,0,0
FALSE,2023-02-01 00:00:00,TRUE,TRUE,2023-01-31 00:00:00,R1135D1L1,1135,1135,2023-01-31 02:07:42,1,1,29,17472,0,2,0,2,0,0,0,0
FALSE,2023-02-01 00:00:00,TRUE,TRUE,2023-01-31 00:00:00,R1135D1L1,1135,1135,2023-01-31 02:13:42,1,1,35,2755,0,1,255,1,0,0,0,0
FALSE,2023-02-01 00:00:00,TRUE,TRUE,2023-01-31 00:00:00,R1135D1L1,1135,1135,2023-01-31 02:17:43,1,1,0,0,0,0,0,0,0,0,0,0
FALSE,2023-02-01 00:00:00,TRUE,TRUE,2023-01-31 00:00:00,R1135D1L1,1135,1135,2023-01-31 02:19:43,1,1,0,0,0,0,0,0,0,0,0,0
FALSE,2023-02-01 00:00:00,TRUE,TRUE,2023-01-31 00:00:00,R1135D1L1,1135,1135,2023-01-31 02:23:43,1,1,34,3798,0,1,158,1,0,0,0,0
FALSE,2023-02-01 00:00:00,TRUE,TRUE,2023-01-31 00:00:00,R1135D1L1,1135,1135,2023-01-31 02:25:43,1,1,34,3798,0,1,158,1,0,0,0,0
FALSE,2023-02-01 00:00:00,TRUE,TRUE,2023-01-31 00:00:00,R1135D1L1,1135,1135,2023-01-31 02:27:43,1,1,31,3068,0,1,215,1,0,0,0,0
FALSE,2023-02-01 00:00:00,TRUE,TRUE,2023-01-31 00:00:00,R1135D1L1,1135,1135,2023-01-31 02:33:43,1,1,0,0,0,0,133,0,0,0,0,0
FALSE,2023-02-01 00:00:00,TRUE,TRUE,2023-01-31 00:00:00,R1135D1L1,1135,1135,2023-01-31 02:37:42,1,1,32,8392,0,1,244,1,0,0,0,0
FALSE,2023-02-01 00:00:00,TRUE,TRUE,2023-01-31 00:00:00,R1135D1L1,1135,1135,2023-01-31 02:57:43,1,1,36,9679,0,1,0,1,0,0,0,0
FALSE,2023-02-01 00:00:00,TRUE,TRUE,2023-01-31 00:00:00,R1135D1L1,1135,1135,2023-01-31 03:03:42,1,1,0,0,0,0,0,0,0,0,0,0
FALSE,2023-02-01 00:00:00,TRUE,TRUE,2023-01-31 00:00:00,R1135D1L1,1135,1135,2023-01-31 03:07:42,1,1,33,16596,0,2,0,2,0,0,0,0
FALSE,2023-02-01 00:00:00,TRUE,TRUE,2023-01-31 00:00:00,R1135D1L1,1135,1135,2023-01-31 03:13:42,1,1,0,0,0,0,184,0,0,0,0,0
FALSE,2023-02-01 00:00:00,TRUE,TRUE,2023-01-31 00:00:00,R1135D1L1,1135,1135,2023-01-31 03:17:43,1,1,0,0,0,0,0,0,0,0,0,0
FALSE,2023-02-01 00:00:00,TRUE,TRUE,2023-01-31 00:00:00,R1135D1L1,1135,1135,2023-01-31 03:19:43,1,1,0,0,0,0,0,0,0,0,0,0
FALSE,2023-02-01 00:00:00,TRUE,TRUE,2023-01-31 00:00:00,R1135D1L1,1135,1135,2023-01-31 03:23:43,1,1,0,0,0,0,0,0,0,0,0,0
FALSE,2023-02-01 00:00:00,TRUE,TRUE,2023-01-31 00:00:00,R1135D1L1,1135,1135,2023-01-31 03:27:43,1,1,0,0,0,0,0,0,0,0,0,0
FALSE,2023-02-01 00:00:00,TRUE,TRUE,2023-01-31 00:00:00,R1135D1L1,1135,1135,2023-01-31 03:33:43,1,1,28,16918,0,1,0,1,0,0,0,0
FALSE,2023-02-01 00:00:00,TRUE,TRUE,2023-01-31 00:00:00,R1135D1L1,1135,1135,2023-01-31 03:37:42,1,1,0,0,0,0,0,0,0,0,0,0
FALSE,2023-02-01 00:00:00,TRUE,TRUE,2023-01-31 00:00:00,R1135D1L1,1135,1135,2023-01-31 03:41:43,1,1,32,4890,0,1,0,1,0,0,0,0
FALSE,2023-02-01 00:00:00,TRUE,TRUE,2023-01-31 00:00:00,R1135D1L1,1135,1135,2023-01-31 03:47:43,1,1,0,0,0,0,0,0,0,0,0,0
FALSE,2023-02-01 00:00:00,TRUE,TRUE,2023-01-31 00:00:00,R1135D1L1,1135,1135,2023-01-31 03:53:43,1,1,0,0,0,0,0,0,0,0,0,0
FALSE,2023-02-01 00:00:00,TRUE,TRUE,2023-01-31 00:00:00,R1135D1L1,1135,1135,2023-01-31 03:57:42,1,1,0,0,0,0,0,0,0,0,0,0
FALSE,2023-02-01 00:00:00,TRUE,TRUE,2023-01-31 00:00:00,R1135D1L1,1135,1135,2023-01-31 04:03:43,1,1,0,0,0,0,0,0,0,0,0,0
FALSE,2023-02-01 00:00:00,TRUE,TRUE,2023-01-31 00:00:00,R1135D1L1,1135,1135,2023-01-31 04:07:42,1,1,0,0,0,0,0,0,0,0,0,0
FALSE,2023-02-01 00:00:00,TRUE,TRUE,2023-01-31 00:00:00,R1135D1L1,1135,1135,2023-01-31 04:13:42,1,1,36,32767,0,1,0,1,0,0,0,0
FALSE,2023-02-01 00:00:00,TRUE,TRUE,2023-01-31 00:00:00,R1135D1L1,1135,1135,2023-01-31 04:17:43,1,1,0,0,0,0,0,0,0,0,0,0
FALSE,2023-02-01 00:00:00,TRUE,TRUE,2023-01-31 00:00:00,R1135D1L1,1135,1135,2023-01-31 04:19:43,1,1,0,0,0,0,0,0,0,0,0,0
FALSE,2023-02-01 00:00:00,TRUE,TRUE,2023-01-31 00:00:00,R1135D1L1,1135,1135,2023-01-31 04:23:43,1,1,0,0,0,0,0,0,0,0,0,0
FALSE,2023-02-01 00:00:00,TRUE,TRUE,2023-01-31 00:00:00,R1135D1L1,1135,1135,2023-01-31 04:25:43,1,1,0,0,0,0,0,0,0,0,0,0
FALSE,2023-02-01 00:00:00,TRUE,TRUE,2023-01-31 00:00:00,R1135D1L1,1135,1135,2023-01-31 04:27:43,1,1,22,2520,0,2,0,1,0,1,0,0
FALSE,2023-02-01 00:00:00,TRUE,TRUE,2023-01-31 00:00:00,R1135D1L1,1135,1135,2023-01-31 04:33:43,1,1,0,0,0,0,0,0,0,0,0,0
FALSE,2023-02-01 00:00:00,TRUE,TRUE,2023-01-31 00:00:00,R1135D1L1,1135,1135,2023-01-31 04:37:42,1,1,28,3931,0,2,0,2,0,0,0,0
FALSE,2023-02-01 00:00:00,TRUE,TRUE,2023-01-31 00:00:00,R1135D1L1,1135,1135,2023-01-31 04:43:42,1,1,0,0,0,0,0,0,0,0,0,0
FALSE,2023-02-01 00:00:00,TRUE,TRUE,2023-01-31 00:00:00,R1135D1L1,1135,1135,2023-01-31 04:47:43,1,1,34,6283,0,1,0,1,0,0,0,0
FALSE,2023-02-01 00:00:00,TRUE,TRUE,2023-01-31 00:00:00,R1135D1L1,1135,1135,2023-01-31 04:51:42,1,1,27,560,0,2,0,2,0,0,0,0
FALSE,2023-02-01 00:00:00,TRUE,TRUE,2023-01-31 00:00:00,R1135D1L1,1135,1135,2023-01-31 04:57:42,1,1,40,1454,0,3,1,2,0,0,0,0
FALSE,2023-02-01 00:00:00,TRUE,TRUE,2023-01-31 00:00:00,R1135D1L1,1135,1135,2023-01-31 05:03:43,1,1,22,1158,0,2,0,2,0,0,0,0
FALSE,2023-02-01 00:00:00,TRUE,TRUE,2023-01-31 00:00:00,R1135D1L1,1135,1135,2023-01-31 05:07:42,1,1,0,0,0,0,0,0,0,0,0,0
FALSE,2023-02-01 00:00:00,TRUE,TRUE,2023-01-31 00:00:00,R1135D1L1,1135,1135,2023-01-31 05:13:42,1,1,45,3498,0,1,0,1,0,0,0,0
FALSE,2023-02-01 00:00:00,TRUE,TRUE,2023-01-31 00:00:00,R1135D1L1,1135,1135,2023-01-31 05:17:43,1,1,0,0,0,0,0,0,0,0,0,0
FALSE,2023-02-01 00:00:00,TRUE,TRUE,2023-01-31 00:00:00,R1135D1L1,1135,1135,2023-01-31 05:19:43,1,1,0,0,0,0,0,0,0,0,0,0
FALSE,2023-02-01 00:00:00,TRUE,TRUE,2023-01-31 00:00:00,R1135D1L1,1135,1135,2023-01-31 05:23:43,1,1,0,0,0,0,0,0,0,0,0,0
FALSE,2023-02-01 00:00:00,TRUE,TRUE,2023-01-31 00:00:00,R1135D1L1,1135,1135,2023-01-31 05:25:43,1,1,0,0,0,0,0,0,0,0,0,0
FALSE,2023-02-01 00:00:00,TRUE,TRUE,2023-01-31 00:00:00,R1135D1L1,1135,1135,2023-01-31 05:27:43,1,1,34,2196,0,1,0,1,0,0,0,0
FALSE,2023-02-01 00:00:00,TRUE,TRUE,2023-01-31 00:00:00,R1135D1L1,1135,1135,2023-01-31 05:33:43,1,1,39,581,0,2,0,2,0,0,0,0
FALSE,2023-02-01 00:00:00,TRUE,TRUE,2023-01-31 00:00:00,R1135D1L1,1135,1135,2023-01-31 05:37:42,1,1,0,0,0,0,0,0,0,0,0,0
FALSE,2023-02-01 00:00:00,TRUE,TRUE,2023-01-31 00:00:00,R1135D1L1,1135,1135,2023-01-31 05:43:42,1,1,0,0,0,0,0,0,0,0,0,0
FALSE,2023-02-01 00:00:00,TRUE,TRUE,2023-01-31 00:00:00,R1135D1L1,1135,1135,2023-01-31 05:47:43,1,1,30,1778,0,2,0,2,0,0,0,0
FALSE,2023-02-01 00:00:00,TRUE,TRUE,2023-01-31 00:00:00,R1135D1L1,1135,1135,2023-01-31 05:53:43,1,1,0,0,0,0,0,0,0,0,0,0
FALSE,2023-02-01 00:00:00,TRUE,TRUE,2023-01-31 00:00:00,R1135D1L1,1135,1135,2023-01-31 05:57:42,1,1,29,2155,0,3,1,2,0,0,0,0
FALSE,2023-02-01 00:00:00,TRUE,TRUE,2023-01-31 00:00:00,R1135D1L1,1135,1135,2023-01-31 06:05:42,1,1,32,1483,0,2,0,2,0,0,0,0
FALSE,2023-02-01 00:00:00,TRUE,TRUE,2023-01-31 00:00:00,R1135D1L1,1135,1135,2023-01-31 06:07:42,1,1,33,16862,0,2,1,1,0,0,0,0
FALSE,2023-02-01 00:00:00,TRUE,TRUE,2023-01-31 00:00:00,R1135D1L1,1135,1135,2023-01-31 06:13:42,1,1,0,0,0,0,0,0,0,0,0,0
FALSE,2023-02-01 00:00:00,TRUE,TRUE,2023-01-31 00:00:00,R1135D1L1,1135,1135,2023-01-31 06:17:43,1,1,34,1333,0,5,0,5,0,0,0,0
FALSE,2023-02-01 00:00:00,TRUE,TRUE,2023-01-31 00:00:00,R1135D1L1,1135,1135,2023-01-31 06:23:43,1,1,33,342,0,6,0,6,0,0,0,0
FALSE,2023-02-01 00:00:00,TRUE,TRUE,2023-01-31 00:00:00,R1135D1L1,1135,1135,2023-01-31 06:25:43,1,1,33,342,0,6,0,6,0,0,0,0
FALSE,2023-02-01 00:00:00,TRUE,TRUE,2023-01-31 00:00:00,R1135D1L1,1135,1135,2023-01-31 06:27:43,1,1,39,852,0,3,2,1,0,0,0,0
FALSE,2023-02-01 00:00:00,TRUE,TRUE,2023-01-31 00:00:00,R1135D1L1,1135,1135,2023-01-31 06:33:43,1,1,27,945,0,4,1,3,0,0,0,0
FALSE,2023-02-01 00:00:00,TRUE,TRUE,2023-01-31 00:00:00,R1135D1L1,1135,1135,2023-01-31 06:37:42,1,1,0,0,0,0,0,0,0,0,0,0
FALSE,2023-02-01 00:00:00,TRUE,TRUE,2023-01-31 00:00:00,R1135D1L1,1135,1135,2023-01-31 06:43:42,1,1,26,1704,0,3,0,3,0,0,0,0
FALSE,2023-02-01 00:00:00,TRUE,TRUE,2023-01-31 00:00:00,R1135D1L1,1135,1135,2023-01-31 06:47:43,1,1,31,708,0,6,0,6,0,0,0,0
FALSE,2023-02-01 00:00:00,TRUE,TRUE,2023-01-31 00:00:00,R1135D1L1,1135,1135,2023-01-31 06:51:42,1,1,26,367,1,7,0,7,0,0,0,0
FALSE,2023-02-01 00:00:00,TRUE,TRUE,2023-01-31 00:00:00,R1135D1L1,1135,1135,2023-01-31 06:57:42,1,1,28,947,0,3,0,3,0,0,0,0
FALSE,2023-02-01 00:00:00,TRUE,TRUE,2023-01-31 00:00:00,R1135D1L1,1135,1135,2023-01-31 07:03:43,1,1,30,388,0,6,1,5,0,0,0,0
FALSE,2023-02-01 00:00:00,TRUE,TRUE,2023-01-31 00:00:00,R1135D1L1,1135,1135,2023-01-31 07:07:42,1,1,29,8316,0,4,0,4,0,0,0,0
FALSE,2023-02-01 00:00:00,TRUE,TRUE,2023-01-31 00:00:00,R1135D1L1,1135,1135,2023-01-31 07:13:42,1,1,32,457,1,10,1,9,0,0,0,0
FALSE,2023-02-01 00:00:00,TRUE,TRUE,2023-01-31 00:00:00,R1135D1L1,1135,1135,2023-01-31 07:17:43,1,1,26,315,1,9,2,7,0,0,0,0
FALSE,2023-02-01 00:00:00,TRUE,TRUE,2023-01-31 00:00:00,R1135D1L1,1135,1135,2023-01-31 07:23:43,1,1,36,376,0,6,0,6,0,0,0,0
FALSE,2023-02-01 00:00:00,TRUE,TRUE,2023-01-31 00:00:00,R1135D1L1,1135,1135,2023-01-31 07:25:43,1,1,36,376,0,6,0,6,0,0,0,0
FALSE,2023-02-01 00:00:00,TRUE,TRUE,2023-01-31 00:00:00,R1135D1L1,1135,1135,2023-01-31 07:35:43,1,1,26,371,1,8,0,8,0,0,0,0
FALSE,2023-02-01 00:00:00,TRUE,TRUE,2023-01-31 00:00:00,R1135D1L1,1135,1135,2023-01-31 07:37:42,1,1,32,209,2,11,1,7,0,2,0,1
FALSE,2023-02-01 00:00:00,TRUE,TRUE,2023-01-31 00:00:00,R1135D1L1,1135,1135,2023-01-31 07:43:42,1,1,24,264,2,14,1,12,0,1,0,0
FALSE,2023-02-01 00:00:00,TRUE,TRUE,2023-01-31 00:00:00,R1135D1L1,1135,1135,2023-01-31 07:47:43,1,1,27,237,1,11,0,11,0,0,0,0
FALSE,2023-02-01 00:00:00,TRUE,TRUE,2023-01-31 00:00:00,R1135D1L1,1135,1135,2023-01-31 07:51:42,1,1,28,396,0,6,0,6,0,0,0,0
FALSE,2023-02-01 00:00:00,TRUE,TRUE,2023-01-31 00:00:00,R1135D1L1,1135,1135,2023-01-31 07:57:42,1,1,30,201,2,16,0,16,0,0,0,0
FALSE,2023-02-01 00:00:00,TRUE,TRUE,2023-01-31 00:00:00,R1135D1L1,1135,1135,2023-01-31 08:03:43,1,1,23,206,2,14,0,13,0,1,0,0
FALSE,2023-02-01 00:00:00,TRUE,TRUE,2023-01-31 00:00:00,R1135D1L1,1135,1135,2023-01-31 08:07:42,1,1,18,397,1,5,1,4,0,0,0,0
FALSE,2023-02-01 00:00:00,TRUE,TRUE,2023-01-31 00:00:00,R1135D1L1,1135,1135,2023-01-31 08:13:42,1,1,26,207,2,15,1,14,0,0,0,0
FALSE,2023-02-01 00:00:00,TRUE,TRUE,2023-01-31 00:00:00,R1135D1L1,1135,1135,2023-01-31 08:17:43,1,1,30,169,2,18,1,17,0,0,0,0
FALSE,2023-02-01 00:00:00,TRUE,TRUE,2023-01-31 00:00:00,R1135D1L1,1135,1135,2023-01-31 08:23:43,1,1,26,144,3,19,0,19,0,0,0,0
FALSE,2023-02-01 00:00:00,TRUE,TRUE,2023-01-31 00:00:00,R1135D1L1,1135,1135,2023-01-31 08:25:43,1,1,26,144,3,19,0,19,0,0,0,0
FALSE,2023-02-01 00:00:00,TRUE,TRUE,2023-01-31 00:00:00,R1135D1L1,1135,1135,2023-01-31 08:27:43,1,1,27,179,3,19,0,19,0,0,0,0
FALSE,2023-02-01 00:00:00,TRUE,TRUE,2023-01-31 00:00:00,R1135D1L1,1135,1135,2023-01-31 08:33:43,1,1,29,132,3,23,2,21,0,0,0,0
FALSE,2023-02-01 00:00:00,TRUE,TRUE,2023-01-31 00:00:00,R1135D1L1,1135,1135,2023-01-31 08:37:42,1,1,32,180,2,17,0,17,0,0,0,0
FALSE,2023-02-01 00:00:00,TRUE,TRUE,2023-01-31 00:00:00,R1135D1L1,1135,1135,2023-01-31 08:43:42,1,1,27,117,4,26,0,26,0,0,0,0
FALSE,2023-02-01 00:00:00,TRUE,TRUE,2023-01-31 00:00:00,R1135D1L1,1135,1135,2023-01-31 08:47:43,1,1,33,320,1,9,1,8,0,0,0,0
FALSE,2023-02-01 00:00:00,TRUE,TRUE,2023-01-31 00:00:00,R1135D1L1,1135,1135,2023-01-31 08:51:43,1,1,26,211,2,15,1,14,0,0,0,0
FALSE,2023-02-01 00:00:00,TRUE,TRUE,2023-01-31 00:00:00,R1135D1L1,1135,1135,2023-01-31 08:57:42,1,1,27,182,2,17,0,17,0,0,0,0
FALSE,2023-02-01 00:00:00,TRUE,TRUE,2023-01-31 00:00:00,R1135D1L1,1135,1135,2023-01-31 09:03:43,1,1,31,279,1,10,1,8,0,0,0,1
FALSE,2023-02-01 00:00:00,TRUE,TRUE,2023-01-31 00:00:00,R1135D1L1,1135,1135,2023-01-31 09:07:42,1,1,28,2744,2,13,1,11,0,1,0,0
FALSE,2023-02-01 00:00:00,TRUE,TRUE,2023-01-31 00:00:00,R1135D1L1,1135,1135,2023-01-31 09:13:42,1,1,27,206,2,14,0,13,0,0,0,1
FALSE,2023-02-01 00:00:00,TRUE,TRUE,2023-01-31 00:00:00,R1135D1L1,1135,1135,2023-01-31 09:29:43,1,1,26,330,1,11,0,11,0,0,0,0
FALSE,2023-02-01 00:00:00,TRUE,TRUE,2023-01-31 00:00:00,R1135D1L1,1135,1135,2023-01-31 09:33:42,1,1,30,226,2,10,0,8,0,0,0,2
FALSE,2023-02-01 00:00:00,TRUE,TRUE,2023-01-31 00:00:00,R1135D1L1,1135,1135,2023-01-31 09:37:42,1,1,36,312,1,11,0,11,0,0,0,0
FALSE,2023-02-01 00:00:00,TRUE,TRUE,2023-01-31 00:00:00,R1135D1L1,1135,1135,2023-01-31 09:43:42,1,1,24,250,1,9,2,7,0,0,0,0
FALSE,2023-02-01 00:00:00,TRUE,TRUE,2023-01-31 00:00:00,R1135D1L1,1135,1135,2023-01-31 09:47:43,1,1,28,348,1,7,0,7,0,0,0,0
FALSE,2023-02-01 00:00:00,TRUE,TRUE,2023-01-31 00:00:00,R1135D1L1,1135,1135,2023-01-31 09:51:43,1,1,25,394,1,8,1,7,0,0,0,0
FALSE,2023-02-01 00:00:00,TRUE,TRUE,2023-01-31 00:00:00,R1135D1L1,1135,1135,2023-01-31 09:57:43,1,1,27,265,1,11,0,11,0,0,0,0
FALSE,2023-02-01 00:00:00,TRUE,TRUE,2023-01-31 00:00:00,R1135D1L1,1135,1135,2023-01-31 10:03:43,1,1,24,279,1,9,0,9,0,0,0,0
FALSE,2023-02-01 00:00:00,TRUE,TRUE,2023-01-31 00:00:00,R1135D1L1,1135,1135,2023-01-31 10:07:42,1,1,26,7071,0,5,1,4,0,0,0,0
FALSE,2023-02-01 00:00:00,TRUE,TRUE,2023-01-31 00:00:00,R1135D1L1,1135,1135,2023-01-31 10:13:42,1,1,29,509,0,6,0,6,0,0,0,0
FALSE,2023-02-01 00:00:00,TRUE,TRUE,2023-01-31 00:00:00,R1135D1L1,1135,1135,2023-01-31 10:17:43,1,1,31,506,1,6,0,6,0,0,0,0
FALSE,2023-02-01 00:00:00,TRUE,TRUE,2023-01-31 00:00:00,R1135D1L1,1135,1135,2023-01-31 10:23:43,1,1,34,135,1,7,0,7,0,0,0,0
FALSE,2023-02-01 00:00:00,TRUE,TRUE,2023-01-31 00:00:00,R1135D1L1,1135,1135,2023-01-31 10:25:43,1,1,34,135,1,7,0,7,0,0,0,0
FALSE,2023-02-01 00:00:00,TRUE,TRUE,2023-01-31 00:00:00,R1135D1L1,1135,1135,2023-01-31 10:27:43,1,1,30,292,2,12,0,11,0,0,0,1
FALSE,2023-02-01 00:00:00,TRUE,TRUE,2023-01-31 00:00:00,R1135D1L1,1135,1135,2023-01-31 10:33:43,1,1,30,306,1,10,0,10,0,0,0,0
FALSE,2023-02-01 00:00:00,TRUE,TRUE,2023-01-31 00:00:00,R1135D1L1,1135,1135,2023-01-31 10:37:42,1,1,23,339,1,8,1,7,0,0,0,0
FALSE,2023-02-01 00:00:00,TRUE,TRUE,2023-01-31 00:00:00,R1135D1L1,1135,1135,2023-01-31 10:43:42,1,1,27,239,1,7,0,7,0,0,0,0
FALSE,2023-02-01 00:00:00,TRUE,TRUE,2023-01-31 00:00:00,R1135D1L1,1135,1135,2023-01-31 10:47:43,1,1,27,595,0,5,0,5,0,0,0,0
FALSE,2023-02-01 00:00:00,TRUE,TRUE,2023-01-31 00:00:00,R1135D1L1,1135,1135,2023-01-31 10:51:42,1,1,27,283,1,8,0,8,0,0,0,0
FALSE,2023-02-01 00:00:00,TRUE,TRUE,2023-01-31 00:00:00,R1135D1L1,1135,1135,2023-01-31 10:57:42,1,1,24,909,0,4,0,4,0,0,0,0
FALSE,2023-02-01 00:00:00,TRUE,TRUE,2023-01-31 00:00:00,R1135D1L1,1135,1135,2023-01-31 11:03:43,1,1,26,296,1,10,0,10,0,0,0,0
FALSE,2023-02-01 00:00:00,TRUE,TRUE,2023-01-31 00:00:00,R1135D1L1,1135,1135,2023-01-31 11:07:42,1,1,25,233,2,12,0,10,0,0,0,2
FALSE,2023-02-01 00:00:00,TRUE,TRUE,2023-01-31 00:00:00,R1135D1L1,1135,1135,2023-01-31 11:13:42,1,1,27,180,2,15,1,14,0,0,0,0
FALSE,2023-02-01 00:00:00,TRUE,TRUE,2023-01-31 00:00:00,R1135D1L1,1135,1135,2023-01-31 11:17:43,1,1,26,294,1,11,1,10,0,0,0,0
FALSE,2023-02-01 00:00:00,TRUE,TRUE,2023-01-31 00:00:00,R1135D1L1,1135,1135,2023-01-31 11:23:43,1,1,28,140,1,12,0,12,0,0,0,0
FALSE,2023-02-01 00:00:00,TRUE,TRUE,2023-01-31 00:00:00,R1135D1L1,1135,1135,2023-01-31 11:27:43,1,1,26,409,1,9,0,9,0,0,0,0
FALSE,2023-02-01 00:00:00,TRUE,TRUE,2023-01-31 00:00:00,R1135D1L1,1135,1135,2023-01-31 11:33:43,1,1,29,237,2,13,0,13,0,0,0,0
FALSE,2023-02-01 00:00:00,TRUE,TRUE,2023-01-31 00:00:00,R1135D1L1,1135,1135,2023-01-31 11:37:42,1,1,25,306,1,8,0,7,0,1,0,0
FALSE,2023-02-01 00:00:00,TRUE,TRUE,2023-01-31 00:00:00,R1135D1L1,1135,1135,2023-01-31 11:43:42,1,1,26,305,1,10,0,10,0,0,0,0
FALSE,2023-02-01 00:00:00,TRUE,TRUE,2023-01-31 00:00:00,R1135D1L1,1135,1135,2023-01-31 11:47:43,1,1,32,408,0,7,0,7,0,0,0,0
FALSE,2023-02-01 00:00:00,TRUE,TRUE,2023-01-31 00:00:00,R1135D1L1,1135,1135,2023-01-31 11:51:42,1,1,26,395,1,8,1,7,0,0,0,0
FALSE,2023-02-01 00:00:00,TRUE,TRUE,2023-01-31 00:00:00,R1135D1L1,1135,1135,2023-01-31 11:57:43,1,1,30,311,1,9,0,9,0,0,0,0
FALSE,2023-02-01 00:00:00,TRUE,TRUE,2023-01-31 00:00:00,R1135D1L1,1135,1135,2023-01-31 12:05:43,1,1,31,354,1,9,0,9,0,0,0,0
FALSE,2023-02-01 00:00:00,TRUE,TRUE,2023-01-31 00:00:00,R1135D1L1,1135,1135,2023-01-31 12:07:42,1,1,29,2953,1,12,2,10,0,0,0,0
FALSE,2023-02-01 00:00:00,TRUE,TRUE,2023-01-31 00:00:00,R1135D1L1,1135,1135,2023-01-31 12:13:42,1,1,28,412,0,6,0,6,0,0,0,0
FALSE,2023-02-01 00:00:00,TRUE,TRUE,2023-01-31 00:00:00,R1135D1L1,1135,1135,2023-01-31 12:17:43,1,1,27,276,1,8,0,7,0,0,0,1
FALSE,2023-02-01 00:00:00,TRUE,TRUE,2023-01-31 00:00:00,R1135D1L1,1135,1135,2023-01-31 12:23:43,1,1,27,382,1,6,1,4,0,1,0,0
FALSE,2023-02-01 00:00:00,TRUE,TRUE,2023-01-31 00:00:00,R1135D1L1,1135,1135,2023-01-31 12:27:43,1,1,22,606,0,5,0,5,0,0,0,0
FALSE,2023-02-01 00:00:00,TRUE,TRUE,2023-01-31 00:00:00,R1135D1L1,1135,1135,2023-01-31 12:33:43,1,1,26,354,0,6,1,5,0,0,0,0
FALSE,2023-02-01 00:00:00,TRUE,TRUE,2023-01-31 00:00:00,R1135D1L1,1135,1135,2023-01-31 12:37:42,1,1,28,418,1,8,0,8,0,0,0,0
FALSE,2023-02-01 00:00:00,TRUE,TRUE,2023-01-31 00:00:00,R1135D1L1,1135,1135,2023-01-31 12:43:42,1,1,33,508,0,6,0,6,0,0,0,0
FALSE,2023-02-01 00:00:00,TRUE,TRUE,2023-01-31 00:00:00,R1135D1L1,1135,1135,2023-01-31 12:47:43,1,1,37,579,0,4,0,4,0,0,0,0
FALSE,2023-02-01 00:00:00,TRUE,TRUE,2023-01-31 00:00:00,R1135D1L1,1135,1135,2023-01-31 12:51:42,1,1,35,432,0,6,0,6,0,0,0,0
FALSE,2023-02-01 00:00:00,TRUE,TRUE,2023-01-31 00:00:00,R1135D1L1,1135,1135,2023-01-31 12:57:42,1,1,27,414,1,6,0,6,0,0,0,0
FALSE,2023-02-01 00:00:00,TRUE,TRUE,2023-01-31 00:00:00,R1135D1L1,1135,1135,2023-01-31 13:03:43,1,1,26,345,1,7,1,6,0,0,0,0
FALSE,2023-02-01 00:00:00,TRUE,TRUE,2023-01-31 00:00:00,R1135D1L1,1135,1135,2023-01-31 13:07:42,1,1,30,222,1,11,1,10,0,0,0,0
FALSE,2023-02-01 00:00:00,TRUE,TRUE,2023-01-31 00:00:00,R1135D1L1,1135,1135,2023-01-31 13:13:42,1,1,28,338,1,9,0,9,0,0,0,0
FALSE,2023-02-01 00:00:00,TRUE,TRUE,2023-01-31 00:00:00,R1135D1L1,1135,1135,2023-01-31 13:17:43,1,1,25,342,1,8,1,6,0,1,0,0
FALSE,2023-02-01 00:00:00,TRUE,TRUE,2023-01-31 00:00:00,R1135D1L1,1135,1135,2023-01-31 13:23:43,1,1,27,310,1,10,0,10,0,0,0,0
FALSE,2023-02-01 00:00:00,TRUE,TRUE,2023-01-31 00:00:00,R1135D1L1,1135,1135,2023-01-31 13:27:43,1,1,27,521,0,6,0,6,0,0,0,0
FALSE,2023-02-01 00:00:00,TRUE,TRUE,2023-01-31 00:00:00,R1135D1L1,1135,1135,2023-01-31 13:33:43,1,1,24,210,2,13,1,12,0,0,0,0
FALSE,2023-02-01 00:00:00,TRUE,TRUE,2023-01-31 00:00:00,R1135D1L1,1135,1135,2023-01-31 13:37:42,1,1,29,299,1,8,0,8,0,0,0,0
FALSE,2023-02-01 00:00:00,TRUE,TRUE,2023-01-31 00:00:00,R1135D1L1,1135,1135,2023-01-31 13:41:43,1,1,32,279,1,10,0,10,0,0,0,0
FALSE,2023-02-01 00:00:00,TRUE,TRUE,2023-01-31 00:00:00,R1135D1L1,1135,1135,2023-01-31 13:47:43,1,1,34,329,0,6,0,6,0,0,0,0
FALSE,2023-02-01 00:00:00,TRUE,TRUE,2023-01-31 00:00:00,R1135D1L1,1135,1135,2023-01-31 13:53:43,1,1,29,405,1,8,2,6,0,0,0,0
FALSE,2023-02-01 00:00:00,TRUE,TRUE,2023-01-31 00:00:00,R1135D1L1,1135,1135,2023-01-31 13:57:42,1,1,28,291,1,11,0,10,0,0,0,1
FALSE,2023-02-01 00:00:00,TRUE,TRUE,2023-01-31 00:00:00,R1135D1L1,1135,1135,2023-01-31 14:03:42,1,1,25,207,3,14,0,12,0,1,0,1
FALSE,2023-02-01 00:00:00,TRUE,TRUE,2023-01-31 00:00:00,R1135D1L1,1135,1135,2023-01-31 14:07:42,1,1,28,298,1,8,0,8,0,0,0,0
FALSE,2023-02-01 00:00:00,TRUE,TRUE,2023-01-31 00:00:00,R1135D1L1,1135,1135,2023-01-31 14:13:42,1,1,27,526,0,4,1,3,0,0,0,0
FALSE,2023-02-01 00:00:00,TRUE,TRUE,2023-01-31 00:00:00,R1135D1L1,1135,1135,2023-01-31 14:17:43,1,1,26,264,1,6,1,5,0,0,0,0
FALSE,2023-02-01 00:00:00,TRUE,TRUE,2023-01-31 00:00:00,R1135D1L1,1135,1135,2023-01-31 14:23:43,1,1,24,309,1,10,0,10,0,0,0,0
FALSE,2023-02-01 00:00:00,TRUE,TRUE,2023-01-31 00:00:00,R1135D1L1,1135,1135,2023-01-31 14:25:43,1,1,24,309,1,10,0,10,0,0,0,0
FALSE,2023-02-01 00:00:00,TRUE,TRUE,2023-01-31 00:00:00,R1135D1L1,1135,1135,2023-01-31 14:27:43,1,1,26,187,2,17,0,17,0,0,0,0
FALSE,2023-02-01 00:00:00,TRUE,TRUE,2023-01-31 00:00:00,R1135D1L1,1135,1135,2023-01-31 14:33:43,1,1,27,272,1,11,0,10,0,1,0,0
FALSE,2023-02-01 00:00:00,TRUE,TRUE,2023-01-31 00:00:00,R1135D1L1,1135,1135,2023-01-31 14:37:43,1,1,29,208,2,14,0,14,0,0,0,0
FALSE,2023-02-01 00:00:00,TRUE,TRUE,2023-01-31 00:00:00,R1135D1L1,1135,1135,2023-01-31 14:43:42,1,1,28,288,1,11,0,11,0,0,0,0
FALSE,2023-02-01 00:00:00,TRUE,TRUE,2023-01-31 00:00:00,R1135D1L1,1135,1135,2023-01-31 14:47:43,1,1,26,208,2,14,1,13,0,0,0,0
FALSE,2023-02-01 00:00:00,TRUE,TRUE,2023-01-31 00:00:00,R1135D1L1,1135,1135,2023-01-31 14:51:42,1,1,25,205,2,15,211,15,0,0,0,0
FALSE,2023-02-01 00:00:00,TRUE,TRUE,2023-01-31 00:00:00,R1135D1L1,1135,1135,2023-01-31 14:57:43,1,1,26,526,0,6,1,5,0,0,0,0
FALSE,2023-02-01 00:00:00,TRUE,TRUE,2023-01-31 00:00:00,R1135D1L1,1135,1135,2023-01-31 15:07:42,1,1,29,286,1,7,0,7,0,0,0,0
FALSE,2023-02-01 00:00:00,TRUE,TRUE,2023-01-31 00:00:00,R1135D1L1,1135,1135,2023-01-31 15:13:42,1,1,47,328,1,11,1,9,0,0,0,1
FALSE,2023-02-01 00:00:00,TRUE,TRUE,2023-01-31 00:00:00,R1135D1L1,1135,1135,2023-01-31 15:17:43,1,1,27,87,4,26,2,24,0,0,0,0
FALSE,2023-02-01 00:00:00,TRUE,TRUE,2023-01-31 00:00:00,R1135D1L1,1135,1135,2023-01-31 15:23:43,1,1,29,205,2,15,0,15,0,0,0,0
FALSE,2023-02-01 00:00:00,TRUE,TRUE,2023-01-31 00:00:00,R1135D1L1,1135,1135,2023-01-31 15:27:43,1,1,30,159,2,15,2,13,0,0,0,0
FALSE,2023-02-01 00:00:00,TRUE,TRUE,2023-01-31 00:00:00,R1135D1L1,1135,1135,2023-01-31 15:33:43,1,1,30,208,2,18,0,18,0,0,0,0
FALSE,2023-02-01 00:00:00,TRUE,TRUE,2023-01-31 00:00:00,R1135D1L1,1135,1135,2023-01-31 15:39:43,1,1,30,219,2,14,1,13,0,0,0,0
FALSE,2023-02-01 00:00:00,TRUE,TRUE,2023-01-31 00:00:00,R1135D1L1,1135,1135,2023-01-31 15:41:43,1,1,29,93,5,33,1,32,0,0,0,0
FALSE,2023-02-01 00:00:00,TRUE,TRUE,2023-01-31 00:00:00,R1135D1L1,1135,1135,2023-01-31 15:47:43,1,1,27,305,1,9,0,9,0,0,0,0
FALSE,2023-02-01 00:00:00,TRUE,TRUE,2023-01-31 00:00:00,R1135D1L1,1135,1135,2023-01-31 15:53:43,1,1,27,293,1,11,0,11,0,0,0,0
FALSE,2023-02-01 00:00:00,TRUE,TRUE,2023-01-31 00:00:00,R1135D1L1,1135,1135,2023-01-31 15:57:43,1,1,26,208,2,15,3,12,0,0,0,0
FALSE,2023-02-01 00:00:00,TRUE,TRUE,2023-01-31 00:00:00,R1135D1L1,1135,1135,2023-01-31 16:03:43,1,1,25,152,3,18,1,17,0,0,0,0
FALSE,2023-02-01 00:00:00,TRUE,TRUE,2023-01-31 00:00:00,R1135D1L1,1135,1135,2023-01-31 16:07:42,1,1,27,188,2,13,1,12,0,0,0,0
FALSE,2023-02-01 00:00:00,TRUE,TRUE,2023-01-31 00:00:00,R1135D1L1,1135,1135,2023-01-31 16:13:42,1,1,28,202,2,16,1,15,0,0,0,0
FALSE,2023-02-01 00:00:00,TRUE,TRUE,2023-01-31 00:00:00,R1135D1L1,1135,1135,2023-01-31 16:17:43,1,1,27,146,3,21,0,21,0,0,0,0
FALSE,2023-02-01 00:00:00,TRUE,TRUE,2023-01-31 00:00:00,R1135D1L1,1135,1135,2023-01-31 16:23:43,1,1,28,148,3,18,0,18,0,0,0,0
FALSE,2023-02-01 00:00:00,TRUE,TRUE,2023-01-31 00:00:00,R1135D1L1,1135,1135,2023-01-31 16:27:43,1,1,23,86,6,32,2,28,0,0,0,2
FALSE,2023-02-01 00:00:00,TRUE,TRUE,2023-01-31 00:00:00,R1135D1L1,1135,1135,2023-01-31 16:33:43,1,1,29,134,3,21,0,21,0,0,0,0
FALSE,2023-02-01 00:00:00,TRUE,TRUE,2023-01-31 00:00:00,R1135D1L1,1135,1135,2023-01-31 16:37:42,1,1,29,220,2,15,0,15,0,0,0,0
FALSE,2023-02-01 00:00:00,TRUE,TRUE,2023-01-31 00:00:00,R1135D1L1,1135,1135,2023-01-31 16:43:42,1,1,25,175,2,16,1,15,0,0,0,0
FALSE,2023-02-01 00:00:00,TRUE,TRUE,2023-01-31 00:00:00,R1135D1L1,1135,1135,2023-01-31 16:47:43,1,1,28,151,3,22,0,22,0,0,0,0
FALSE,2023-02-01 00:00:00,TRUE,TRUE,2023-01-31 00:00:00,R1135D1L1,1135,1135,2023-01-31 16:53:43,1,1,27,168,2,14,1,13,0,0,0,0
FALSE,2023-02-01 00:00:00,TRUE,TRUE,2023-01-31 00:00:00,R1135D1L1,1135,1135,2023-01-31 16:57:43,1,1,28,169,2,17,1,16,0,0,0,0
FALSE,2023-02-01 00:00:00,TRUE,TRUE,2023-01-31 00:00:00,R1135D1L1,1135,1135,2023-01-31 17:05:42,1,1,30,197,2,15,1,14,0,0,0,0
FALSE,2023-02-01 00:00:00,TRUE,TRUE,2023-01-31 00:00:00,R1135D1L1,1135,1135,2023-01-31 17:07:42,1,1,29,3247,3,21,252,20,0,0,0,0
FALSE,2023-02-01 00:00:00,TRUE,TRUE,2023-01-31 00:00:00,R1135D1L1,1135,1135,2023-01-31 17:13:42,1,1,26,149,2,13,0,13,0,0,0,0
FALSE,2023-02-01 00:00:00,TRUE,TRUE,2023-01-31 00:00:00,R1135D1L1,1135,1135,2023-01-31 17:17:43,1,1,22,195,4,21,0,19,0,1,0,1
FALSE,2023-02-01 00:00:00,TRUE,TRUE,2023-01-31 00:00:00,R1135D1L1,1135,1135,2023-01-31 17:23:43,1,1,25,193,2,15,0,14,0,0,0,1
FALSE,2023-02-01 00:00:00,TRUE,TRUE,2023-01-31 00:00:00,R1135D1L1,1135,1135,2023-01-31 17:27:43,1,1,22,190,3,16,1,13,0,1,0,1
FALSE,2023-02-01 00:00:00,TRUE,TRUE,2023-01-31 00:00:00,R1135D1L1,1135,1135,2023-01-31 17:33:43,1,1,29,176,2,18,2,16,0,0,0,0
FALSE,2023-02-01 00:00:00,TRUE,TRUE,2023-01-31 00:00:00,R1135D1L1,1135,1135,2023-01-31 17:37:42,1,1,30,202,2,13,0,13,0,0,0,0
FALSE,2023-02-01 00:00:00,TRUE,TRUE,2023-01-31 00:00:00,R1135D1L1,1135,1135,2023-01-31 17:41:43,1,1,29,179,2,16,0,16,0,0,0,0
FALSE,2023-02-01 00:00:00,TRUE,TRUE,2023-01-31 00:00:00,R1135D1L1,1135,1135,2023-01-31 17:47:43,1,1,27,172,3,18,0,17,0,1,0,0
FALSE,2023-02-01 00:00:00,TRUE,TRUE,2023-01-31 00:00:00,R1135D1L1,1135,1135,2023-01-31 17:53:43,1,1,23,157,2,16,0,16,0,0,0,0
FALSE,2023-02-01 00:00:00,TRUE,TRUE,2023-01-31 00:00:00,R1135D1L1,1135,1135,2023-01-31 17:57:43,1,1,25,253,2,12,1,11,0,0,0,0
FALSE,2023-02-01 00:00:00,TRUE,TRUE,2023-01-31 00:00:00,R1135D1L1,1135,1135,2023-01-31 18:03:43,1,1,27,252,1,12,0,12,0,0,0,0
FALSE,2023-02-01 00:00:00,TRUE,TRUE,2023-01-31 00:00:00,R1135D1L1,1135,1135,2023-01-31 18:07:42,1,1,26,4972,1,7,0,7,0,0,0,0
FALSE,2023-02-01 00:00:00,TRUE,TRUE,2023-01-31 00:00:00,R1135D1L1,1135,1135,2023-01-31 18:17:43,1,1,24,491,1,6,0,6,0,0,0,0
FALSE,2023-02-01 00:00:00,TRUE,TRUE,2023-01-31 00:00:00,R1135D1L1,1135,1135,2023-01-31 18:23:43,1,1,28,127,3,20,1,19,0,0,0,0
FALSE,2023-02-01 00:00:00,TRUE,TRUE,2023-01-31 00:00:00,R1135D1L1,1135,1135,2023-01-31 18:25:43,1,1,28,127,3,20,1,19,0,0,0,0
FALSE,2023-02-01 00:00:00,TRUE,TRUE,2023-01-31 00:00:00,R1135D1L1,1135,1135,2023-01-31 18:27:43,1,1,26,303,1,10,1,9,0,0,0,0
FALSE,2023-02-01 00:00:00,TRUE,TRUE,2023-01-31 00:00:00,R1135D1L1,1135,1135,2023-01-31 18:33:43,1,1,26,133,3,19,0,18,0,0,0,1
FALSE,2023-02-01 00:00:00,TRUE,TRUE,2023-01-31 00:00:00,R1135D1L1,1135,1135,2023-01-31 18:37:42,1,1,26,200,2,15,0,15,0,0,0,0
FALSE,2023-02-01 00:00:00,TRUE,TRUE,2023-01-31 00:00:00,R1135D1L1,1135,1135,2023-01-31 18:41:43,1,1,36,196,2,15,0,15,0,0,0,0
FALSE,2023-02-01 00:00:00,TRUE,TRUE,2023-01-31 00:00:00,R1135D1L1,1135,1135,2023-01-31 18:47:43,1,1,26,230,2,13,0,13,0,0,0,0
FALSE,2023-02-01 00:00:00,TRUE,TRUE,2023-01-31 00:00:00,R1135D1L1,1135,1135,2023-01-31 18:51:42,1,1,25,434,1,7,0,7,0,0,0,0
FALSE,2023-02-01 00:00:00,TRUE,TRUE,2023-01-31 00:00:00,R1135D1L1,1135,1135,2023-01-31 18:57:43,1,1,25,160,3,18,0,17,0,0,0,1
FALSE,2023-02-01 00:00:00,TRUE,TRUE,2023-01-31 00:00:00,R1135D1L1,1135,1135,2023-01-31 19:03:42,1,1,25,240,1,12,1,11,0,0,0,0
FALSE,2023-02-01 00:00:00,TRUE,TRUE,2023-01-31 00:00:00,R1135D1L1,1135,1135,2023-01-31 19:07:42,1,1,22,3225,2,11,2,7,0,1,0,1
FALSE,2023-02-01 00:00:00,TRUE,TRUE,2023-01-31 00:00:00,R1135D1L1,1135,1135,2023-01-31 19:13:42,1,1,24,364,1,7,0,7,0,0,0,0
FALSE,2023-02-01 00:00:00,TRUE,TRUE,2023-01-31 00:00:00,R1135D1L1,1135,1135,2023-01-31 19:17:43,1,1,25,225,2,16,0,16,0,0,0,0
FALSE,2023-02-01 00:00:00,TRUE,TRUE,2023-01-31 00:00:00,R1135D1L1,1135,1135,2023-01-31 19:19:43,1,1,25,225,2,16,0,16,0,0,0,0
FALSE,2023-02-01 00:00:00,TRUE,TRUE,2023-01-31 00:00:00,R1135D1L1,1135,1135,2023-01-31 19:23:43,1,1,29,170,1,13,1,12,0,0,0,0
FALSE,2023-02-01 00:00:00,TRUE,TRUE,2023-01-31 00:00:00,R1135D1L1,1135,1135,2023-01-31 19:25:43,1,1,29,170,1,13,1,12,0,0,0,0
FALSE,2023-02-01 00:00:00,TRUE,TRUE,2023-01-31 00:00:00,R1135D1L1,1135,1135,2023-01-31 19:27:43,1,1,31,248,2,14,0,14,0,0,0,0
FALSE,2023-02-01 00:00:00,TRUE,TRUE,2023-01-31 00:00:00,R1135D1L1,1135,1135,2023-01-31 19:33:43,1,1,30,165,2,15,0,15,0,0,0,0
FALSE,2023-02-01 00:00:00,TRUE,TRUE,2023-01-31 00:00:00,R1135D1L1,1135,1135,2023-01-31 19:37:42,1,1,29,261,1,12,0,12,0,0,0,0
FALSE,2023-02-01 00:00:00,TRUE,TRUE,2023-01-31 00:00:00,R1135D1L1,1135,1135,2023-01-31 19:43:42,1,1,29,263,1,9,0,9,0,0,0,0
FALSE,2023-02-01 00:00:00,TRUE,TRUE,2023-01-31 00:00:00,R1135D1L1,1135,1135,2023-01-31 19:47:43,1,1,30,460,1,7,0,7,0,0,0,0
FALSE,2023-02-01 00:00:00,TRUE,TRUE,2023-01-31 00:00:00,R1135D1L1,1135,1135,2023-01-31 19:53:43,1,1,34,188,2,18,0,18,0,0,0,0
FALSE,2023-02-01 00:00:00,TRUE,TRUE,2023-01-31 00:00:00,R1135D1L1,1135,1135,2023-01-31 19:57:43,1,1,33,220,1,9,0,9,0,0,0,0
FALSE,2023-02-01 00:00:00,TRUE,TRUE,2023-01-31 00:00:00,R1135D1L1,1135,1135,2023-01-31 20:05:43,1,1,31,215,1,9,0,9,0,0,0,0
FALSE,2023-02-01 00:00:00,TRUE,TRUE,2023-01-31 00:00:00,R1135D1L1,1135,1135,2023-01-31 20:07:42,1,1,27,5690,0,6,0,6,0,0,0,0
FALSE,2023-02-01 00:00:00,TRUE,TRUE,2023-01-31 00:00:00,R1135D1L1,1135,1135,2023-01-31 20:13:42,1,1,30,346,0,6,0,6,0,0,0,0
FALSE,2023-02-01 00:00:00,TRUE,TRUE,2023-01-31 00:00:00,R1135D1L1,1135,1135,2023-01-31 20:17:43,1,1,30,453,0,6,250,6,0,0,0,0
FALSE,2023-02-01 00:00:00,TRUE,TRUE,2023-01-31 00:00:00,R1135D1L1,1135,1135,2023-01-31 20:19:43,1,1,30,453,0,6,250,6,0,0,0,0
FALSE,2023-02-01 00:00:00,TRUE,TRUE,2023-01-31 00:00:00,R1135D1L1,1135,1135,2023-01-31 20:23:43,1,1,24,514,0,2,1,1,0,0,0,0
FALSE,2023-02-01 00:00:00,TRUE,TRUE,2023-01-31 00:00:00,R1135D1L1,1135,1135,2023-01-31 20:25:43,1,1,24,514,0,2,1,1,0,0,0,0
FALSE,2023-02-01 00:00:00,TRUE,TRUE,2023-01-31 00:00:00,R1135D1L1,1135,1135,2023-01-31 20:27:43,1,1,29,391,1,8,198,8,0,0,0,0
FALSE,2023-02-01 00:00:00,TRUE,TRUE,2023-01-31 00:00:00,R1135D1L1,1135,1135,2023-01-31 20:33:43,1,1,27,340,1,8,213,7,0,0,0,1
FALSE,2023-02-01 00:00:00,TRUE,TRUE,2023-01-31 00:00:00,R1135D1L1,1135,1135,2023-01-31 20:37:42,1,1,31,397,1,9,165,9,0,0,0,0
FALSE,2023-02-01 00:00:00,TRUE,TRUE,2023-01-31 00:00:00,R1135D1L1,1135,1135,2023-01-31 20:43:42,1,1,31,296,1,10,218,10,0,0,0,0
FALSE,2023-02-01 00:00:00,TRUE,TRUE,2023-01-31 00:00:00,R1135D1L1,1135,1135,2023-01-31 20:47:43,1,1,31,382,0,6,0,6,0,0,0,0
FALSE,2023-02-01 00:00:00,TRUE,TRUE,2023-01-31 00:00:00,R1135D1L1,1135,1135,2023-01-31 20:51:43,1,1,30,295,1,9,0,9,0,0,0,0
FALSE,2023-02-01 00:00:00,TRUE,TRUE,2023-01-31 00:00:00,R1135D1L1,1135,1135,2023-01-31 20:57:43,1,1,31,394,0,6,180,6,0,0,0,0
FALSE,2023-02-01 00:00:00,TRUE,TRUE,2023-01-31 00:00:00,R1135D1L1,1135,1135,2023-01-31 21:03:43,1,1,29,1203,0,2,0,2,0,0,0,0
FALSE,2023-02-01 00:00:00,TRUE,TRUE,2023-01-31 00:00:00,R1135D1L1,1135,1135,2023-01-31 21:07:42,1,1,30,8733,0,4,0,4,0,0,0,0
FALSE,2023-02-01 00:00:00,TRUE,TRUE,2023-01-31 00:00:00,R1135D1L1,1135,1135,2023-01-31 21:13:42,1,1,27,1553,0,2,0,2,0,0,0,0
FALSE,2023-02-01 00:00:00,TRUE,TRUE,2023-01-31 00:00:00,R1135D1L1,1135,1135,2023-01-31 21:17:43,1,1,28,275,0,5,0,5,0,0,0,0
FALSE,2023-02-01 00:00:00,TRUE,TRUE,2023-01-31 00:00:00,R1135D1L1,1135,1135,2023-01-31 21:19:43,1,1,28,275,0,5,0,5,0,0,0,0
FALSE,2023-02-01 00:00:00,TRUE,TRUE,2023-01-31 00:00:00,R1135D1L1,1135,1135,2023-01-31 21:23:43,1,1,33,594,0,6,0,6,0,0,0,0
FALSE,2023-02-01 00:00:00,TRUE,TRUE,2023-01-31 00:00:00,R1135D1L1,1135,1135,2023-01-31 21:25:43,1,1,33,594,0,6,0,6,0,0,0,0
FALSE,2023-02-01 00:00:00,TRUE,TRUE,2023-01-31 00:00:00,R1135D1L1,1135,1135,2023-01-31 21:27:43,1,1,30,165,0,5,0,5,0,0,0,0
FALSE,2023-02-01 00:00:00,TRUE,TRUE,2023-01-31 00:00:00,R1135D1L1,1135,1135,2023-01-31 21:33:43,1,1,30,592,0,6,0,6,0,0,0,0
FALSE,2023-02-01 00:00:00,TRUE,TRUE,2023-01-31 00:00:00,R1135D1L1,1135,1135,2023-01-31 21:37:42,1,1,31,341,0,5,0,5,0,0,0,0
FALSE,2023-02-01 00:00:00,TRUE,TRUE,2023-01-31 00:00:00,R1135D1L1,1135,1135,2023-01-31 21:43:42,1,1,29,836,0,2,0,2,0,0,0,0
FALSE,2023-02-01 00:00:00,TRUE,TRUE,2023-01-31 00:00:00,R1135D1L1,1135,1135,2023-01-31 21:57:43,1,1,30,483,0,5,0,5,0,0,0,0
FALSE,2023-02-01 00:00:00,TRUE,TRUE,2023-01-31 00:00:00,R1135D1L1,1135,1135,2023-01-31 22:05:43,1,1,36,505,0,5,0,5,0,0,0,0
FALSE,2023-02-01 00:00:00,TRUE,TRUE,2023-01-31 00:00:00,R1135D1L1,1135,1135,2023-01-31 22:07:42,1,1,24,11269,0,3,2,1,0,0,0,0
FALSE,2023-02-01 00:00:00,TRUE,TRUE,2023-01-31 00:00:00,R1135D1L1,1135,1135,2023-01-31 22:13:42,1,1,29,764,0,5,0,5,0,0,0,0
FALSE,2023-02-01 00:00:00,TRUE,TRUE,2023-01-31 00:00:00,R1135D1L1,1135,1135,2023-01-31 22:17:43,1,1,33,311,1,8,0,8,0,0,0,0
FALSE,2023-02-01 00:00:00,TRUE,TRUE,2023-01-31 00:00:00,R1135D1L1,1135,1135,2023-01-31 22:19:43,1,1,33,311,1,8,0,8,0,0,0,0
FALSE,2023-02-01 00:00:00,TRUE,TRUE,2023-01-31 00:00:00,R1135D1L1,1135,1135,2023-01-31 22:23:43,1,1,26,509,0,4,1,3,0,0,0,0
FALSE,2023-02-01 00:00:00,TRUE,TRUE,2023-01-31 00:00:00,R1135D1L1,1135,1135,2023-01-31 22:27:43,1,1,29,676,0,4,1,3,0,0,0,0
FALSE,2023-02-01 00:00:00,TRUE,TRUE,2023-01-31 00:00:00,R1135D1L1,1135,1135,2023-01-31 22:33:43,1,1,26,625,0,3,0,3,0,0,0,0
FALSE,2023-02-01 00:00:00,TRUE,TRUE,2023-01-31 00:00:00,R1135D1L1,1135,1135,2023-01-31 22:37:43,1,1,28,834,0,5,0,5,0,0,0,0
FALSE,2023-02-01 00:00:00,TRUE,TRUE,2023-01-31 00:00:00,R1135D1L1,1135,1135,2023-01-31 22:41:43,1,1,30,1625,0,2,1,1,0,0,0,0
FALSE,2023-02-01 00:00:00,TRUE,TRUE,2023-01-31 00:00:00,R1135D1L1,1135,1135,2023-01-31 22:47:43,1,1,27,488,1,6,1,5,0,0,0,0
FALSE,2023-02-01 00:00:00,TRUE,TRUE,2023-01-31 00:00:00,R1135D1L1,1135,1135,2023-01-31 22:51:43,1,1,33,440,0,4,0,4,0,0,0,0
FALSE,2023-02-01 00:00:00,TRUE,TRUE,2023-01-31 00:00:00,R1135D1L1,1135,1135,2023-01-31 22:57:43,1,1,32,518,0,2,0,2,0,0,0,0
FALSE,2023-02-01 00:00:00,TRUE,TRUE,2023-01-31 00:00:00,R1135D1L1,1135,1135,2023-01-31 23:03:43,1,1,29,1045,0,4,0,4,0,0,0,0
FALSE,2023-02-01 00:00:00,TRUE,TRUE,2023-01-31 00:00:00,R1135D1L1,1135,1135,2023-01-31 23:07:42,1,1,36,498,0,5,0,5,0,0,0,0
FALSE,2023-02-01 00:00:00,TRUE,TRUE,2023-01-31 00:00:00,R1135D1L1,1135,1135,2023-01-31 23:13:42,1,1,0,0,0,0,0,0,0,0,0,0
FALSE,2023-02-01 00:00:00,TRUE,TRUE,2023-01-31 00:00:00,R1135D1L1,1135,1135,2023-01-31 23:17:43,1,1,33,982,1,6,0,5,0,1,0,0
FALSE,2023-02-01 00:00:00,TRUE,TRUE,2023-01-31 00:00:00,R1135D1L1,1135,1135,2023-01-31 23:19:43,1,1,33,982,1,6,0,5,0,1,0,0
FALSE,2023-02-01 00:00:00,TRUE,TRUE,2023-01-31 00:00:00,R1135D1L1,1135,1135,2023-01-31 23:23:43,1,1,31,468,0,7,0,7,0,0,0,0
FALSE,2023-02-01 00:00:00,TRUE,TRUE,2023-01-31 00:00:00,R1135D1L1,1135,1135,2023-01-31 23:25:43,1,1,31,468,0,7,0,7,0,0,0,0
FALSE,2023-02-01 00:00:00,TRUE,TRUE,2023-01-31 00:00:00,R1135D1L1,1135,1135,2023-01-31 23:27:43,1,1,38,396,0,5,0,5,0,0,0,0
FALSE,2023-02-01 00:00:00,TRUE,TRUE,2023-01-31 00:00:00,R1135D1L1,1135,1135,2023-01-31 23:33:43,1,1,41,1014,0,3,0,3,0,0,0,0
FALSE,2023-02-01 00:00:00,TRUE,TRUE,2023-01-31 00:00:00,R1135D1L1,1135,1135,2023-01-31 23:37:43,1,1,43,799,0,4,0,4,0,0,0,0
FALSE,2023-02-01 00:00:00,TRUE,TRUE,2023-01-31 00:00:00,R1135D1L1,1135,1135,2023-01-31 23:43:43,1,1,43,464,0,4,0,4,0,0,0,0
FALSE,2023-02-01 00:00:00,TRUE,TRUE,2023-01-31 00:00:00,R1135D1L1,1135,1135,2023-01-31 23:47:43,1,1,42,625,0,3,0,3,0,0,0,0
FALSE,2023-02-01 00:00:00,TRUE,TRUE,2023-01-31 00:00:00,R1135D1L1,1135,1135,2023-01-31 23:51:43,1,1,49,1116,0,3,0,3,0,0,0,0
FALSE,2023-02-01 00:00:00,TRUE,TRUE,2023-01-31 00:00:00,R1135D1L1,1135,1135,2023-01-31 23:57:43,1,1,35,1009,0,2,0,2,0,0,0,0
