SCN, SCN@Site, SCN@Station, Date, Direction, Lane, Speed, Headway, Occupancy, Vehicles, Motorbikes, Cars, Trailers, Rigids, HGVs, Buses
R0613D1L0, 613, 613, 2023-01-05 00:03:42, 1, 0, 0.0, 0, 0, 0, 0, 0, 0, 0, 0, 0
R0613D1L0, 613, 613, 2023-01-05 00:17:43, 1, 0, 0.0, 0, 0, 0, 0, 0, 0, 0, 0, 0
R0613D1L0, 613, 613, 2023-01-05 00:23:42, 1, 0, 0.0, 0, 0, 0, 0, 0, 0, 0, 0, 0
R0613D1L0, 613, 613, 2023-01-05 00:25:43, 1, 0, 0.0, 0, 0, 0, 0, 0, 0, 0, 0, 0
R0613D1L0, 613, 613, 2023-01-05 00:27:43, 1, 0, 0.0, 0, 0, 0, 0, 0, 0, 0, 0, 0
R0613D1L0, 613, 613, 2023-01-05 00:33:42, 1, 0, 0.0, 0, 0, 0, 0, 0, 0, 0, 0, 0
R0613D1L0, 613, 613, 2023-01-05 00:37:42, 1, 0, 0.0, 0, 0, 0, 0, 0, 0, 0, 0, 0
R0613D1L0, 613, 613, 2023-01-05 00:43:42, 1, 0, 0.0, 0, 0, 0, 0, 0, 0, 0, 0, 0
R0613D1L0, 613, 613, 2023-01-05 00:47:43, 1, 0, 0.0, 0, 0, 0, 0, 0, 0, 0, 0, 0
R0613D1L0, 613, 613, 2023-01-05 00:59:42, 1, 0, 0.0, 0, 0, 0, 0, 0, 0, 0, 0, 0
R0613D1L0, 613, 613, 2023-01-05 01:03:42, 1, 0, 0.0, 0, 0, 0, 0, 0, 0, 0, 0, 0
R0613D1L0, 613, 613, 2023-01-05 01:17:43, 1, 0, 0.0, 0, 0, 0, 0, 0, 0, 0, 0, 0
R0613D1L0, 613, 613, 2023-01-05 01:19:43, 1, 0, 0.0, 0, 0, 0, 0, 0, 0, 0, 0, 0
R0613D1L0, 613, 613, 2023-01-05 01:23:42, 1, 0, 0.0, 0, 0, 0, 0, 0, 0, 0, 0, 0
R0613D1L0, 613, 613, 2023-01-05 01:25:42, 1, 0, 0.0, 0, 0, 0, 0, 0, 0, 0, 0, 0
R0613D1L0, 613, 613, 2023-01-05 01:27:43, 1, 0, 0.0, 0, 0, 0, 0, 0, 0, 0, 0, 0
R0613D1L0, 613, 613, 2023-01-05 01:33:42, 1, 0, 0.0, 0, 0, 0, 0, 0, 0, 0, 0, 0
R0613D1L0, 613, 613, 2023-01-05 01:37:42, 1, 0, 0.0, 0, 0, 0, 0, 0, 0, 0, 0, 0
R0613D1L0, 613, 613, 2023-01-05 01:43:42, 1, 0, 0.0, 0, 0, 0, 0, 0, 0, 0, 0, 0
R0613D1L0, 613, 613, 2023-01-05 01:47:43, 1, 0, 0.0, 0, 0, 0, 0, 0, 0, 0, 0, 0
R0613D1L0, 613, 613, 2023-01-05 01:51:42, 1, 0, 0.0, 0, 0, 0, 0, 0, 0, 0, 0, 0
R0613D1L0, 613, 613, 2023-01-05 02:03:42, 1, 0, 0.0, 0, 0, 0, 0, 0, 0, 0, 0, 0
R0613D1L0, 613, 613, 2023-01-05 02:07:42, 1, 0, 0.0, 0, 0, 0, 0, 0, 0, 0, 0, 0
R0613D1L0, 613, 613, 2023-01-05 02:13:42, 1, 0, 0.0, 0, 0, 0, 0, 0, 0, 0, 0, 0
R0613D1L0, 613, 613, 2023-01-05 02:17:42, 1, 0, 0.0, 0, 0, 0, 0, 0, 0, 0, 0, 0
R0613D1L0, 613, 613, 2023-01-05 02:19:42, 1, 0, 0.0, 0, 0, 0, 0, 0, 0, 0, 0, 0
R0613D1L0, 613, 613, 2023-01-05 02:35:43, 1, 0, 0.0, 0, 0, 0, 0, 0, 0, 0, 0, 0
R0613D1L0, 613, 613, 2023-01-05 02:37:42, 1, 0, 0.0, 0, 0, 0, 0, 0, 0, 0, 0, 0
R0613D1L0, 613, 613, 2023-01-05 02:43:42, 1, 0, 0.0, 0, 0, 0, 0, 0, 0, 0, 0, 0
R0613D1L0, 613, 613, 2023-01-05 02:47:43, 1, 0, 0.0, 0, 0, 0, 0, 0, 0, 0, 0, 0
R0613D1L0, 613, 613, 2023-01-05 02:51:42, 1, 0, 0.0, 0, 0, 0, 0, 0, 0, 0, 0, 0
R0613D1L0, 613, 613, 2023-01-05 03:03:43, 1, 0, 0.0, 0, 0, 0, 0, 0, 0, 0, 0, 0
R0613D1L0, 613, 613, 2023-01-05 03:07:42, 1, 0, 0.0, 0, 0, 0, 0, 0, 0, 0, 0, 0
R0613D1L0, 613, 613, 2023-01-05 03:13:42, 1, 0, 0.0, 0, 0, 0, 0, 0, 0, 0, 0, 0
R0613D1L0, 613, 613, 2023-01-05 03:17:43, 1, 0, 0.0, 0, 0, 0, 0, 0, 0, 0, 0, 0
R0613D1L0, 613, 613, 2023-01-05 03:19:43, 1, 0, 0.0, 0, 0, 0, 0, 0, 0, 0, 0, 0
R0613D1L0, 613, 613, 2023-01-05 03:23:42, 1, 0, 0.0, 0, 0, 0, 0, 0, 0, 0, 0, 0
R0613D1L0, 613, 613, 2023-01-05 03:25:43, 1, 0, 0.0, 0, 0, 0, 0, 0, 0, 0, 0, 0
R0613D1L0, 613, 613, 2023-01-05 03:27:43, 1, 0, 0.0, 0, 0, 0, 0, 0, 0, 0, 0, 0
R0613D1L0, 613, 613, 2023-01-05 03:33:42, 1, 0, 0.0, 0, 0, 0, 0, 0, 0, 0, 0, 0
R0613D1L0, 613, 613, 2023-01-05 03:37:42, 1, 0, 0.0, 0, 0, 0, 225, 0, 0, 0, 0, 0
R0613D1L0, 613, 613, 2023-01-05 03:43:42, 1, 0, 0.0, 0, 0, 0, 0, 0, 0, 0, 0, 0
R0613D1L0, 613, 613, 2023-01-05 03:47:42, 1, 0, 0.0, 0, 0, 0, 0, 0, 0, 0, 0, 0
R0613D1L0, 613, 613, 2023-01-05 03:51:42, 1, 0, 0.0, 0, 0, 0, 0, 0, 0, 0, 0, 0
R0613D1L0, 613, 613, 2023-01-05 03:57:42, 1, 0, 0.0, 0, 0, 0, 240, 0, 0, 0, 0, 0
R0613D1L0, 613, 613, 2023-01-05 04:03:42, 1, 0, 0.0, 0, 0, 0, 0, 0, 0, 0, 0, 0
R0613D1L0, 613, 613, 2023-01-05 04:07:42, 1, 0, 0.0, 0, 0, 0, 0, 0, 0, 0, 0, 0
R0613D1L0, 613, 613, 2023-01-05 04:13:42, 1, 0, 0.0, 0, 0, 0, 0, 0, 0, 0, 0, 0
R0613D1L0, 613, 613, 2023-01-05 04:17:43, 1, 0, 0.0, 0, 0, 0, 0, 0, 0, 0, 0, 0
R0613D1L0, 613, 613, 2023-01-05 04:23:42, 1, 0, 0.0, 0, 0, 0, 0, 0, 0, 0, 0, 0
R0613D1L0, 613, 613, 2023-01-05 04:25:43, 1, 0, 0.0, 0, 0, 0, 0, 0, 0, 0, 0, 0
R0613D1L0, 613, 613, 2023-01-05 04:27:43, 1, 0, 0.0, 0, 0, 0, 0, 0, 0, 0, 0, 0
R0613D1L0, 613, 613, 2023-01-05 04:33:42, 1, 0, 0.0, 0, 0, 0, 0, 0, 0, 0, 0, 0
R0613D1L0, 613, 613, 2023-01-05 04:37:42, 1, 0, 0.0, 0, 0, 0, 0, 0, 0, 0, 0, 0
R0613D1L0, 613, 613, 2023-01-05 04:43:42, 1, 0, 0.0, 0, 0, 0, 0, 0, 0, 0, 0, 0
R0613D1L0, 613, 613, 2023-01-05 04:47:43, 1, 0, 0.0, 0, 0, 0, 0, 0, 0, 0, 0, 0
R0613D1L0, 613, 613, 2023-01-05 04:51:42, 1, 0, 0.0, 0, 0, 0, 0, 0, 0, 0, 0, 0
R0613D1L0, 613, 613, 2023-01-05 04:57:42, 1, 0, 0.0, 0, 0, 0, 0, 0, 0, 0, 0, 0
R0613D1L0, 613, 613, 2023-01-05 05:03:42, 1, 0, 0.0, 0, 0, 0, 0, 0, 0, 0, 0, 0
R0613D1L0, 613, 613, 2023-01-05 05:07:42, 1, 0, 0.0, 0, 0, 0, 0, 0, 0, 0, 0, 0
R0613D1L0, 613, 613, 2023-01-05 05:13:42, 1, 0, 0.0, 0, 0, 0, 0, 0, 0, 0, 0, 0
R0613D1L0, 613, 613, 2023-01-05 05:17:43, 1, 0, 0.0, 0, 0, 0, 0, 0, 0, 0, 0, 0
R0613D1L0, 613, 613, 2023-01-05 05:19:43, 1, 0, 0.0, 0, 0, 0, 0, 0, 0, 0, 0, 0
R0613D1L0, 613, 613, 2023-01-05 05:23:42, 1, 0, 0.0, 0, 0, 0, 0, 0, 0, 0, 0, 0
R0613D1L0, 613, 613, 2023-01-05 05:27:43, 1, 0, 0.0, 0, 0, 0, 0, 0, 0, 0, 0, 0
R0613D1L0, 613, 613, 2023-01-05 05:33:42, 1, 0, 0.0, 0, 0, 0, 0, 0, 0, 0, 0, 0
R0613D1L0, 613, 613, 2023-01-05 05:37:42, 1, 0, 0.0, 0, 0, 0, 0, 0, 0, 0, 0, 0
R0613D1L0, 613, 613, 2023-01-05 05:43:42, 1, 0, 0.0, 0, 0, 0, 0, 0, 0, 0, 0, 0
R0613D1L0, 613, 613, 2023-01-05 05:47:43, 1, 0, 0.0, 0, 0, 0, 0, 0, 0, 0, 0, 0
R0613D1L0, 613, 613, 2023-01-05 05:51:42, 1, 0, 0.0, 0, 0, 0, 0, 0, 0, 0, 0, 0
R0613D1L0, 613, 613, 2023-01-05 05:57:42, 1, 0, 0.0, 0, 0, 0, 0, 0, 0, 0, 0, 0
R0613D1L0, 613, 613, 2023-01-05 06:03:42, 1, 0, 0.0, 0, 0, 0, 0, 0, 0, 0, 0, 0
R0613D1L0, 613, 613, 2023-01-05 06:07:42, 1, 0, 0.0, 0, 0, 0, 0, 0, 0, 0, 0, 0
R0613D1L0, 613, 613, 2023-01-05 06:13:42, 1, 0, 0.0, 0, 0, 0, 0, 0, 0, 0, 0, 0
R0613D1L0, 613, 613, 2023-01-05 06:17:42, 1, 0, 0.0, 0, 0, 0, 0, 0, 0, 0, 0, 0
R0613D1L0, 613, 613, 2023-01-05 06:19:43, 1, 0, 0.0, 0, 0, 0, 0, 0, 0, 0, 0, 0
R0613D1L0, 613, 613, 2023-01-05 06:23:42, 1, 0, 0.0, 0, 0, 0, 0, 0, 0, 0, 0, 0
R0613D1L0, 613, 613, 2023-01-05 06:25:43, 1, 0, 0.0, 0, 0, 0, 0, 0, 0, 0, 0, 0
R0613D1L0, 613, 613, 2023-01-05 06:27:43, 1, 0, 0.0, 0, 0, 0, 0, 0, 0, 0, 0, 0
R0613D1L0, 613, 613, 2023-01-05 06:33:43, 1, 0, 0.0, 0, 0, 0, 0, 0, 0, 0, 0, 0
R0613D1L0, 613, 613, 2023-01-05 06:37:42, 1, 0, 0.0, 0, 0, 0, 0, 0, 0, 0, 0, 0
R0613D1L0, 613, 613, 2023-01-05 06:43:42, 1, 0, 0.0, 0, 0, 0, 0, 0, 0, 0, 0, 0
R0613D1L0, 613, 613, 2023-01-05 06:47:42, 1, 0, 0.0, 0, 0, 0, 0, 0, 0, 0, 0, 0
R0613D1L0, 613, 613, 2023-01-05 06:53:42, 1, 0, 0.0, 0, 0, 0, 0, 0, 0, 0, 0, 0
R0613D1L0, 613, 613, 2023-01-05 06:57:42, 1, 0, 0.0, 0, 0, 0, 0, 0, 0, 0, 0, 0
R0613D1L0, 613, 613, 2023-01-05 07:01:42, 1, 0, 0.0, 0, 0, 0, 0, 0, 0, 0, 0, 0
R0613D1L0, 613, 613, 2023-01-05 07:07:42, 1, 0, 0.0, 0, 0, 0, 0, 0, 0, 0, 0, 0
R0613D1L0, 613, 613, 2023-01-05 07:13:42, 1, 0, 0.0, 0, 0, 0, 0, 0, 0, 0, 0, 0
R0613D1L0, 613, 613, 2023-01-05 07:17:42, 1, 0, 0.0, 0, 0, 0, 0, 0, 0, 0, 0, 0
R0613D1L0, 613, 613, 2023-01-05 07:23:43, 1, 0, 0.0, 0, 0, 0, 0, 0, 0, 0, 0, 0
R0613D1L0, 613, 613, 2023-01-05 07:27:43, 1, 0, 0.0, 0, 0, 0, 0, 0, 0, 0, 0, 0
R0613D1L0, 613, 613, 2023-01-05 07:33:43, 1, 0, 0.0, 0, 0, 0, 0, 0, 0, 0, 0, 0
R0613D1L0, 613, 613, 2023-01-05 07:37:42, 1, 0, 0.0, 0, 0, 0, 0, 0, 0, 0, 0, 0
R0613D1L0, 613, 613, 2023-01-05 07:43:42, 1, 0, 0.0, 0, 0, 0, 0, 0, 0, 0, 0, 0
R0613D1L0, 613, 613, 2023-01-05 07:47:43, 1, 0, 0.0, 0, 0, 0, 0, 0, 0, 0, 0, 0
R0613D1L0, 613, 613, 2023-01-05 07:53:42, 1, 0, 0.0, 0, 0, 0, 0, 0, 0, 0, 0, 0
R0613D1L0, 613, 613, 2023-01-05 07:57:42, 1, 0, 0.0, 0, 0, 0, 0, 0, 0, 0, 0, 0
R0613D1L0, 613, 613, 2023-01-05 08:01:42, 1, 0, 0.0, 0, 0, 0, 0, 0, 0, 0, 0, 0
R0613D1L0, 613, 613, 2023-01-05 08:07:42, 1, 0, 0.0, 0, 0, 0, 0, 0, 0, 0, 0, 0
R0613D1L0, 613, 613, 2023-01-05 08:13:42, 1, 0, 0.0, 0, 0, 0, 0, 0, 0, 0, 0, 0
R0613D1L0, 613, 613, 2023-01-05 08:17:43, 1, 0, 0.0, 0, 0, 0, 0, 0, 0, 0, 0, 0
R0613D1L0, 613, 613, 2023-01-05 08:23:43, 1, 0, 0.0, 0, 0, 0, 0, 0, 0, 0, 0, 0
R0613D1L0, 613, 613, 2023-01-05 08:25:43, 1, 0, 0.0, 0, 0, 0, 0, 0, 0, 0, 0, 0
R0613D1L0, 613, 613, 2023-01-05 08:27:43, 1, 0, 0.0, 0, 0, 0, 0, 0, 0, 0, 0, 0
R0613D1L0, 613, 613, 2023-01-05 08:31:42, 1, 0, 0.0, 0, 0, 0, 0, 0, 0, 0, 0, 0
R0613D1L0, 613, 613, 2023-01-05 08:37:42, 1, 0, 0.0, 0, 0, 0, 0, 0, 0, 0, 0, 0
R0613D1L0, 613, 613, 2023-01-05 08:43:42, 1, 0, 0.0, 0, 0, 0, 0, 0, 0, 0, 0, 0
R0613D1L0, 613, 613, 2023-01-05 08:47:42, 1, 0, 0.0, 0, 0, 0, 0, 0, 0, 0, 0, 0
R0613D1L0, 613, 613, 2023-01-05 08:53:43, 1, 0, 0.0, 0, 0, 0, 0, 0, 0, 0, 0, 0
R0613D1L0, 613, 613, 2023-01-05 08:55:42, 1, 0, 0.0, 0, 0, 0, 0, 0, 0, 0, 0, 0
R0613D1L0, 613, 613, 2023-01-05 08:57:43, 1, 0, 0.0, 0, 0, 0, 0, 0, 0, 0, 0, 0
R0613D1L0, 613, 613, 2023-01-05 09:07:42, 1, 0, 0.0, 0, 0, 0, 0, 0, 0, 0, 0, 0
R0613D1L0, 613, 613, 2023-01-05 09:13:42, 1, 0, 0.0, 0, 0, 0, 0, 0, 0, 0, 0, 0
R0613D1L0, 613, 613, 2023-01-05 09:17:43, 1, 0, 0.0, 0, 0, 0, 0, 0, 0, 0, 0, 0
R0613D1L0, 613, 613, 2023-01-05 09:23:43, 1, 0, 0.0, 0, 0, 0, 0, 0, 0, 0, 0, 0
R0613D1L0, 613, 613, 2023-01-05 09:27:43, 1, 0, 0.0, 0, 0, 0, 0, 0, 0, 0, 0, 0
R0613D1L0, 613, 613, 2023-01-05 09:33:42, 1, 0, 0.0, 0, 0, 0, 0, 0, 0, 0, 0, 0
R0613D1L0, 613, 613, 2023-01-05 09:47:43, 1, 0, 0.0, 0, 0, 0, 0, 0, 0, 0, 0, 0
R0613D1L0, 613, 613, 2023-01-05 09:51:42, 1, 0, 0.0, 0, 0, 0, 0, 0, 0, 0, 0, 0
R0613D1L0, 613, 613, 2023-01-05 09:57:42, 1, 0, 0.0, 0, 0, 0, 0, 0, 0, 0, 0, 0
R0613D1L0, 613, 613, 2023-01-05 10:03:42, 1, 0, 0.0, 0, 0, 0, 0, 0, 0, 0, 0, 0
R0613D1L0, 613, 613, 2023-01-05 10:07:42, 1, 0, 0.0, 0, 0, 0, 0, 0, 0, 0, 0, 0
R0613D1L0, 613, 613, 2023-01-05 10:13:42, 1, 0, 0.0, 0, 0, 0, 0, 0, 0, 0, 0, 0
R0613D1L0, 613, 613, 2023-01-05 10:17:43, 1, 0, 0.0, 0, 0, 0, 0, 0, 0, 0, 0, 0
R0613D1L0, 613, 613, 2023-01-05 10:23:43, 1, 0, 0.0, 0, 0, 0, 0, 0, 0, 0, 0, 0
R0613D1L0, 613, 613, 2023-01-05 10:27:43, 1, 0, 0.0, 0, 0, 0, 0, 0, 0, 0, 0, 0
R0613D1L0, 613, 613, 2023-01-05 10:33:42, 1, 0, 0.0, 0, 0, 0, 0, 0, 0, 0, 0, 0
R0613D1L0, 613, 613, 2023-01-05 10:37:42, 1, 0, 0.0, 0, 0, 0, 0, 0, 0, 0, 0, 0
R0613D1L0, 613, 613, 2023-01-05 10:43:42, 1, 0, 0.0, 0, 0, 0, 0, 0, 0, 0, 0, 0
R0613D1L0, 613, 613, 2023-01-05 10:47:42, 1, 0, 0.0, 0, 0, 0, 0, 0, 0, 0, 0, 0
R0613D1L0, 613, 613, 2023-01-05 10:51:42, 1, 0, 0.0, 0, 0, 0, 0, 0, 0, 0, 0, 0
R0613D1L0, 613, 613, 2023-01-05 10:57:42, 1, 0, 0.0, 0, 0, 0, 0, 0, 0, 0, 0, 0
R0613D1L0, 613, 613, 2023-01-05 11:03:42, 1, 0, 0.0, 0, 0, 0, 0, 0, 0, 0, 0, 0
R0613D1L0, 613, 613, 2023-01-05 11:07:42, 1, 0, 0.0, 0, 0, 0, 0, 0, 0, 0, 0, 0
R0613D1L0, 613, 613, 2023-01-05 11:13:42, 1, 0, 0.0, 0, 0, 0, 0, 0, 0, 0, 0, 0
R0613D1L0, 613, 613, 2023-01-05 11:17:42, 1, 0, 0.0, 0, 0, 0, 0, 0, 0, 0, 0, 0
R0613D1L0, 613, 613, 2023-01-05 11:23:43, 1, 0, 0.0, 0, 0, 0, 0, 0, 0, 0, 0, 0
R0613D1L0, 613, 613, 2023-01-05 11:27:43, 1, 0, 0.0, 0, 0, 0, 0, 0, 0, 0, 0, 0
R0613D1L0, 613, 613, 2023-01-05 11:33:42, 1, 0, 0.0, 0, 0, 0, 188, 0, 0, 0, 0, 0
R0613D1L0, 613, 613, 2023-01-05 11:37:42, 1, 0, 0.0, 0, 0, 0, 0, 0, 0, 0, 0, 0
R0613D1L0, 613, 613, 2023-01-05 11:43:42, 1, 0, 0.0, 0, 0, 0, 170, 0, 0, 0, 0, 0
R0613D1L0, 613, 613, 2023-01-05 11:47:43, 1, 0, 0.0, 0, 0, 0, 0, 0, 0, 0, 0, 0
R0613D1L0, 613, 613, 2023-01-05 11:51:42, 1, 0, 0.0, 0, 0, 0, 0, 0, 0, 0, 0, 0
R0613D1L0, 613, 613, 2023-01-05 11:57:42, 1, 0, 0.0, 0, 0, 0, 0, 0, 0, 0, 0, 0
R0613D1L0, 613, 613, 2023-01-05 12:01:42, 1, 0, 0.0, 0, 0, 0, 0, 0, 0, 0, 0, 0
R0613D1L0, 613, 613, 2023-01-05 12:07:42, 1, 0, 0.0, 0, 0, 0, 0, 0, 0, 0, 0, 0
R0613D1L0, 613, 613, 2023-01-05 12:13:42, 1, 0, 0.0, 0, 0, 0, 0, 0, 0, 0, 0, 0
R0613D1L0, 613, 613, 2023-01-05 12:17:43, 1, 0, 0.0, 0, 0, 0, 0, 0, 0, 0, 0, 0
R0613D1L0, 613, 613, 2023-01-05 12:23:43, 1, 0, 0.0, 0, 0, 0, 0, 0, 0, 0, 0, 0
R0613D1L0, 613, 613, 2023-01-05 12:27:43, 1, 0, 0.0, 0, 0, 0, 0, 0, 0, 0, 0, 0
R0613D1L0, 613, 613, 2023-01-05 12:33:43, 1, 0, 0.0, 0, 0, 0, 0, 0, 0, 0, 0, 0
R0613D1L0, 613, 613, 2023-01-05 12:37:42, 1, 0, 0.0, 0, 0, 0, 0, 0, 0, 0, 0, 0
R0613D1L0, 613, 613, 2023-01-05 12:43:42, 1, 0, 0.0, 0, 0, 0, 0, 0, 0, 0, 0, 0
R0613D1L0, 613, 613, 2023-01-05 12:47:43, 1, 0, 0.0, 0, 0, 0, 0, 0, 0, 0, 0, 0
R0613D1L0, 613, 613, 2023-01-05 12:53:42, 1, 0, 0.0, 0, 0, 0, 0, 0, 0, 0, 0, 0
R0613D1L0, 613, 613, 2023-01-05 12:57:42, 1, 0, 0.0, 0, 0, 0, 0, 0, 0, 0, 0, 0
R0613D1L0, 613, 613, 2023-01-05 13:03:42, 1, 0, 0.0, 0, 0, 0, 0, 0, 0, 0, 0, 0
R0613D1L0, 613, 613, 2023-01-05 13:07:42, 1, 0, 0.0, 0, 0, 0, 0, 0, 0, 0, 0, 0
R0613D1L0, 613, 613, 2023-01-05 13:13:42, 1, 0, 0.0, 0, 0, 0, 0, 0, 0, 0, 0, 0
R0613D1L0, 613, 613, 2023-01-05 13:17:42, 1, 0, 0.0, 0, 0, 0, 0, 0, 0, 0, 0, 0
R0613D1L0, 613, 613, 2023-01-05 13:23:43, 1, 0, 0.0, 0, 0, 0, 0, 0, 0, 0, 0, 0
R0613D1L0, 613, 613, 2023-01-05 13:27:43, 1, 0, 0.0, 0, 0, 0, 0, 0, 0, 0, 0, 0
R0613D1L0, 613, 613, 2023-01-05 13:33:43, 1, 0, 0.0, 0, 0, 0, 0, 0, 0, 0, 0, 0
R0613D1L0, 613, 613, 2023-01-05 13:37:42, 1, 0, 0.0, 0, 0, 0, 0, 0, 0, 0, 0, 0
R0613D1L0, 613, 613, 2023-01-05 13:43:42, 1, 0, 0.0, 0, 0, 0, 0, 0, 0, 0, 0, 0
R0613D1L0, 613, 613, 2023-01-05 13:47:43, 1, 0, 0.0, 0, 0, 0, 0, 0, 0, 0, 0, 0
R0613D1L0, 613, 613, 2023-01-05 13:53:42, 1, 0, 0.0, 0, 0, 0, 0, 0, 0, 0, 0, 0
R0613D1L0, 613, 613, 2023-01-05 13:57:42, 1, 0, 0.0, 0, 0, 0, 0, 0, 0, 0, 0, 0
R0613D1L0, 613, 613, 2023-01-05 14:01:42, 1, 0, 0.0, 0, 0, 0, 0, 0, 0, 0, 0, 0
R0613D1L0, 613, 613, 2023-01-05 14:07:42, 1, 0, 0.0, 0, 0, 0, 0, 0, 0, 0, 0, 0
R0613D1L0, 613, 613, 2023-01-05 14:13:42, 1, 0, 0.0, 0, 0, 0, 0, 0, 0, 0, 0, 0
R0613D1L0, 613, 613, 2023-01-05 14:17:43, 1, 0, 0.0, 0, 0, 0, 0, 0, 0, 0, 0, 0
R0613D1L0, 613, 613, 2023-01-05 14:23:42, 1, 0, 0.0, 0, 0, 0, 0, 0, 0, 0, 0, 0
R0613D1L0, 613, 613, 2023-01-05 14:27:43, 1, 0, 0.0, 0, 0, 0, 0, 0, 0, 0, 0, 0
R0613D1L0, 613, 613, 2023-01-05 14:33:43, 1, 0, 0.0, 0, 0, 0, 0, 0, 0, 0, 0, 0
R0613D1L0, 613, 613, 2023-01-05 14:37:42, 1, 0, 0.0, 0, 0, 0, 0, 0, 0, 0, 0, 0
R0613D1L0, 613, 613, 2023-01-05 14:43:42, 1, 0, 0.0, 0, 0, 0, 0, 0, 0, 0, 0, 0
R0613D1L0, 613, 613, 2023-01-05 14:47:43, 1, 0, 0.0, 0, 0, 0, 0, 0, 0, 0, 0, 0
R0613D1L0, 613, 613, 2023-01-05 14:51:42, 1, 0, 0.0, 0, 0, 0, 0, 0, 0, 0, 0, 0
R0613D1L0, 613, 613, 2023-01-05 14:57:42, 1, 0, 0.0, 0, 0, 0, 0, 0, 0, 0, 0, 0
R0613D1L0, 613, 613, 2023-01-05 15:07:42, 1, 0, 0.0, 0, 0, 0, 0, 0, 0, 0, 0, 0
R0613D1L0, 613, 613, 2023-01-05 15:13:42, 1, 0, 0.0, 0, 0, 0, 0, 0, 0, 0, 0, 0
R0613D1L0, 613, 613, 2023-01-05 15:17:43, 1, 0, 0.0, 0, 0, 0, 0, 0, 0, 0, 0, 0
R0613D1L0, 613, 613, 2023-01-05 15:23:42, 1, 0, 0.0, 0, 0, 0, 0, 0, 0, 0, 0, 0
R0613D1L0, 613, 613, 2023-01-05 15:27:43, 1, 0, 0.0, 0, 0, 0, 0, 0, 0, 0, 0, 0
R0613D1L0, 613, 613, 2023-01-05 15:33:43, 1, 0, 0.0, 0, 0, 0, 0, 0, 0, 0, 0, 0
R0613D1L0, 613, 613, 2023-01-05 15:37:42, 1, 0, 0.0, 0, 0, 0, 0, 0, 0, 0, 0, 0
R0613D1L0, 613, 613, 2023-01-05 15:43:42, 1, 0, 0.0, 0, 0, 0, 0, 0, 0, 0, 0, 0
R0613D1L0, 613, 613, 2023-01-05 15:47:43, 1, 0, 0.0, 0, 0, 0, 0, 0, 0, 0, 0, 0
R0613D1L0, 613, 613, 2023-01-05 15:51:42, 1, 0, 0.0, 0, 0, 0, 0, 0, 0, 0, 0, 0
R0613D1L0, 613, 613, 2023-01-05 15:57:42, 1, 0, 0.0, 0, 0, 0, 0, 0, 0, 0, 0, 0
R0613D1L0, 613, 613, 2023-01-05 16:01:42, 1, 0, 0.0, 0, 0, 0, 216, 0, 0, 0, 0, 0
R0613D1L0, 613, 613, 2023-01-05 16:07:42, 1, 0, 0.0, 0, 0, 0, 0, 0, 0, 0, 0, 0
R0613D1L0, 613, 613, 2023-01-05 16:13:42, 1, 0, 0.0, 0, 0, 0, 0, 0, 0, 0, 0, 0
R0613D1L0, 613, 613, 2023-01-05 16:17:43, 1, 0, 0.0, 0, 0, 0, 0, 0, 0, 0, 0, 0
R0613D1L0, 613, 613, 2023-01-05 16:23:42, 1, 0, 0.0, 0, 0, 0, 0, 0, 0, 0, 0, 0
R0613D1L0, 613, 613, 2023-01-05 16:27:43, 1, 0, 0.0, 0, 0, 0, 0, 0, 0, 0, 0, 0
R0613D1L0, 613, 613, 2023-01-05 16:33:42, 1, 0, 0.0, 0, 0, 0, 0, 0, 0, 0, 0, 0
R0613D1L0, 613, 613, 2023-01-05 16:37:42, 1, 0, 0.0, 0, 0, 0, 0, 0, 0, 0, 0, 0
R0613D1L0, 613, 613, 2023-01-05 16:43:42, 1, 0, 0.0, 0, 0, 0, 0, 0, 0, 0, 0, 0
R0613D1L0, 613, 613, 2023-01-05 16:47:43, 1, 0, 0.0, 0, 0, 0, 0, 0, 0, 0, 0, 0
R0613D1L0, 613, 613, 2023-01-05 16:51:42, 1, 0, 0.0, 0, 0, 0, 0, 0, 0, 0, 0, 0
R0613D1L0, 613, 613, 2023-01-05 16:57:42, 1, 0, 0.0, 0, 0, 0, 0, 0, 0, 0, 0, 0
R0613D1L0, 613, 613, 2023-01-05 17:01:42, 1, 0, 0.0, 0, 0, 0, 0, 0, 0, 0, 0, 0
R0613D1L0, 613, 613, 2023-01-05 17:07:42, 1, 0, 0.0, 0, 0, 0, 0, 0, 0, 0, 0, 0
R0613D1L0, 613, 613, 2023-01-05 17:13:42, 1, 0, 0.0, 0, 0, 0, 0, 0, 0, 0, 0, 0
R0613D1L0, 613, 613, 2023-01-05 17:17:43, 1, 0, 0.0, 0, 0, 0, 0, 0, 0, 0, 0, 0
R0613D1L0, 613, 613, 2023-01-05 17:23:43, 1, 0, 0.0, 0, 0, 0, 0, 0, 0, 0, 0, 0
R0613D1L0, 613, 613, 2023-01-05 17:27:43, 1, 0, 0.0, 0, 0, 0, 0, 0, 0, 0, 0, 0
R0613D1L0, 613, 613, 2023-01-05 17:33:42, 1, 0, 0.0, 0, 0, 0, 0, 0, 0, 0, 0, 0
R0613D1L0, 613, 613, 2023-01-05 17:37:42, 1, 0, 0.0, 0, 0, 0, 0, 0, 0, 0, 0, 0
R0613D1L0, 613, 613, 2023-01-05 17:41:42, 1, 0, 0.0, 0, 0, 0, 0, 0, 0, 0, 0, 0
R0613D1L0, 613, 613, 2023-01-05 17:47:43, 1, 0, 0.0, 0, 0, 0, 0, 0, 0, 0, 0, 0
R0613D1L0, 613, 613, 2023-01-05 17:51:42, 1, 0, 0.0, 0, 0, 0, 0, 0, 0, 0, 0, 0
R0613D1L0, 613, 613, 2023-01-05 17:57:42, 1, 0, 0.0, 0, 0, 0, 0, 0, 0, 0, 0, 0
R0613D1L0, 613, 613, 2023-01-05 18:03:42, 1, 0, 0.0, 0, 0, 0, 0, 0, 0, 0, 0, 0
R0613D1L0, 613, 613, 2023-01-05 18:07:42, 1, 0, 0.0, 0, 0, 0, 0, 0, 0, 0, 0, 0
R0613D1L0, 613, 613, 2023-01-05 18:13:42, 1, 0, 0.0, 0, 0, 0, 0, 0, 0, 0, 0, 0
R0613D1L0, 613, 613, 2023-01-05 18:17:43, 1, 0, 0.0, 0, 0, 0, 0, 0, 0, 0, 0, 0
R0613D1L0, 613, 613, 2023-01-05 18:23:42, 1, 0, 0.0, 0, 0, 0, 0, 0, 0, 0, 0, 0
R0613D1L0, 613, 613, 2023-01-05 18:27:43, 1, 0, 0.0, 0, 0, 0, 0, 0, 0, 0, 0, 0
R0613D1L0, 613, 613, 2023-01-05 18:33:42, 1, 0, 0.0, 0, 0, 0, 0, 0, 0, 0, 0, 0
R0613D1L0, 613, 613, 2023-01-05 18:37:42, 1, 0, 0.0, 0, 0, 0, 0, 0, 0, 0, 0, 0
R0613D1L0, 613, 613, 2023-01-05 18:43:42, 1, 0, 0.0, 0, 0, 0, 0, 0, 0, 0, 0, 0
R0613D1L0, 613, 613, 2023-01-05 18:47:43, 1, 0, 0.0, 0, 0, 0, 0, 0, 0, 0, 0, 0
R0613D1L0, 613, 613, 2023-01-05 18:51:42, 1, 0, 0.0, 0, 0, 0, 0, 0, 0, 0, 0, 0
R0613D1L0, 613, 613, 2023-01-05 18:57:42, 1, 0, 0.0, 0, 0, 0, 0, 0, 0, 0, 0, 0
R0613D1L0, 613, 613, 2023-01-05 19:07:42, 1, 0, 0.0, 0, 0, 0, 0, 0, 0, 0, 0, 0
R0613D1L0, 613, 613, 2023-01-05 19:13:42, 1, 0, 0.0, 0, 0, 0, 0, 0, 0, 0, 0, 0
R0613D1L0, 613, 613, 2023-01-05 19:17:42, 1, 0, 0.0, 0, 0, 0, 0, 0, 0, 0, 0, 0
R0613D1L0, 613, 613, 2023-01-05 19:19:43, 1, 0, 0.0, 0, 0, 0, 0, 0, 0, 0, 0, 0
R0613D1L0, 613, 613, 2023-01-05 19:23:43, 1, 0, 0.0, 0, 0, 0, 0, 0, 0, 0, 0, 0
R0613D1L0, 613, 613, 2023-01-05 19:27:43, 1, 0, 0.0, 0, 0, 0, 0, 0, 0, 0, 0, 0
R0613D1L0, 613, 613, 2023-01-05 19:33:42, 1, 0, 0.0, 0, 0, 0, 0, 0, 0, 0, 0, 0
R0613D1L0, 613, 613, 2023-01-05 19:37:42, 1, 0, 0.0, 0, 0, 0, 0, 0, 0, 0, 0, 0
R0613D1L0, 613, 613, 2023-01-05 19:43:42, 1, 0, 0.0, 0, 0, 0, 0, 0, 0, 0, 0, 0
R0613D1L0, 613, 613, 2023-01-05 19:47:43, 1, 0, 0.0, 0, 0, 0, 0, 0, 0, 0, 0, 0
R0613D1L0, 613, 613, 2023-01-05 19:51:42, 1, 0, 0.0, 0, 0, 0, 0, 0, 0, 0, 0, 0
R0613D1L0, 613, 613, 2023-01-05 19:57:42, 1, 0, 0.0, 0, 0, 0, 0, 0, 0, 0, 0, 0
R0613D1L0, 613, 613, 2023-01-05 20:03:42, 1, 0, 0.0, 0, 0, 0, 0, 0, 0, 0, 0, 0
R0613D1L0, 613, 613, 2023-01-05 20:07:42, 1, 0, 0.0, 0, 0, 0, 0, 0, 0, 0, 0, 0
R0613D1L0, 613, 613, 2023-01-05 20:13:42, 1, 0, 0.0, 0, 0, 0, 0, 0, 0, 0, 0, 0
R0613D1L0, 613, 613, 2023-01-05 20:17:43, 1, 0, 0.0, 0, 0, 0, 0, 0, 0, 0, 0, 0
R0613D1L0, 613, 613, 2023-01-05 20:19:43, 1, 0, 0.0, 0, 0, 0, 0, 0, 0, 0, 0, 0
R0613D1L0, 613, 613, 2023-01-05 20:23:43, 1, 0, 0.0, 0, 0, 0, 0, 0, 0, 0, 0, 0
R0613D1L0, 613, 613, 2023-01-05 20:25:43, 1, 0, 0.0, 0, 0, 0, 0, 0, 0, 0, 0, 0
R0613D1L0, 613, 613, 2023-01-05 20:27:43, 1, 0, 0.0, 0, 0, 0, 0, 0, 0, 0, 0, 0
R0613D1L0, 613, 613, 2023-01-05 20:33:43, 1, 0, 0.0, 0, 0, 0, 0, 0, 0, 0, 0, 0
R0613D1L0, 613, 613, 2023-01-05 20:37:42, 1, 0, 0.0, 0, 0, 0, 0, 0, 0, 0, 0, 0
R0613D1L0, 613, 613, 2023-01-05 20:43:42, 1, 0, 0.0, 0, 0, 0, 0, 0, 0, 0, 0, 0
R0613D1L0, 613, 613, 2023-01-05 20:47:43, 1, 0, 0.0, 0, 0, 0, 0, 0, 0, 0, 0, 0
R0613D1L0, 613, 613, 2023-01-05 20:51:42, 1, 0, 0.0, 0, 0, 0, 0, 0, 0, 0, 0, 0
R0613D1L0, 613, 613, 2023-01-05 21:03:42, 1, 0, 0.0, 0, 0, 0, 0, 0, 0, 0, 0, 0
R0613D1L0, 613, 613, 2023-01-05 21:07:42, 1, 0, 0.0, 0, 0, 0, 0, 0, 0, 0, 0, 0
R0613D1L0, 613, 613, 2023-01-05 21:13:42, 1, 0, 0.0, 0, 0, 0, 0, 0, 0, 0, 0, 0
R0613D1L0, 613, 613, 2023-01-05 21:17:43, 1, 0, 0.0, 0, 0, 0, 0, 0, 0, 0, 0, 0
R0613D1L0, 613, 613, 2023-01-05 21:55:43, 1, 0, 0.0, 0, 0, 0, 0, 0, 0, 0, 0, 0
R0613D1L0, 613, 613, 2023-01-05 21:57:42, 1, 0, 0.0, 0, 0, 0, 0, 0, 0, 0, 0, 0
R0613D1L0, 613, 613, 2023-01-05 22:03:42, 1, 0, 0.0, 0, 0, 0, 0, 0, 0, 0, 0, 0
R0613D1L0, 613, 613, 2023-01-05 22:07:42, 1, 0, 0.0, 0, 0, 0, 0, 0, 0, 0, 0, 0
R0613D1L0, 613, 613, 2023-01-05 22:13:42, 1, 0, 0.0, 0, 0, 0, 0, 0, 0, 0, 0, 0
R0613D1L0, 613, 613, 2023-01-05 22:17:43, 1, 0, 0.0, 0, 0, 0, 0, 0, 0, 0, 0, 0
R0613D1L0, 613, 613, 2023-01-05 22:19:43, 1, 0, 0.0, 0, 0, 0, 0, 0, 0, 0, 0, 0
R0613D1L0, 613, 613, 2023-01-05 22:23:43, 1, 0, 0.0, 0, 0, 0, 0, 0, 0, 0, 0, 0
R0613D1L0, 613, 613, 2023-01-05 22:25:43, 1, 0, 0.0, 0, 0, 0, 0, 0, 0, 0, 0, 0
R0613D1L0, 613, 613, 2023-01-05 22:27:43, 1, 0, 0.0, 0, 0, 0, 0, 0, 0, 0, 0, 0
R0613D1L0, 613, 613, 2023-01-05 22:33:43, 1, 0, 0.0, 0, 0, 0, 0, 0, 0, 0, 0, 0
R0613D1L0, 613, 613, 2023-01-05 22:37:42, 1, 0, 0.0, 0, 0, 0, 0, 0, 0, 0, 0, 0
R0613D1L0, 613, 613, 2023-01-05 22:43:42, 1, 0, 0.0, 0, 0, 0, 0, 0, 0, 0, 0, 0
R0613D1L0, 613, 613, 2023-01-05 22:47:43, 1, 0, 0.0, 0, 0, 0, 0, 0, 0, 0, 0, 0
R0613D1L0, 613, 613, 2023-01-05 22:51:42, 1, 0, 0.0, 0, 0, 0, 0, 0, 0, 0, 0, 0
R0613D1L0, 613, 613, 2023-01-05 22:57:42, 1, 0, 0.0, 0, 0, 0, 0, 0, 0, 0, 0, 0
R0613D1L0, 613, 613, 2023-01-05 23:01:42, 1, 0, 0.0, 0, 0, 0, 0, 0, 0, 0, 0, 0
R0613D1L0, 613, 613, 2023-01-05 23:07:42, 1, 0, 0.0, 0, 0, 0, 0, 0, 0, 0, 0, 0
R0613D1L0, 613, 613, 2023-01-05 23:13:42, 1, 0, 0.0, 0, 0, 0, 0, 0, 0, 0, 0, 0
R0613D1L0, 613, 613, 2023-01-05 23:17:43, 1, 0, 0.0, 0, 0, 0, 0, 0, 0, 0, 0, 0
R0613D1L0, 613, 613, 2023-01-05 23:19:43, 1, 0, 0.0, 0, 0, 0, 0, 0, 0, 0, 0, 0
R0613D1L0, 613, 613, 2023-01-05 23:23:43, 1, 0, 0.0, 0, 0, 0, 0, 0, 0, 0, 0, 0
R0613D1L0, 613, 613, 2023-01-05 23:25:43, 1, 0, 0.0, 0, 0, 0, 0, 0, 0, 0, 0, 0
R0613D1L0, 613, 613, 2023-01-05 23:27:43, 1, 0, 0.0, 0, 0, 0, 0, 0, 0, 0, 0, 0
R0613D1L0, 613, 613, 2023-01-05 23:33:42, 1, 0, 0.0, 0, 0, 0, 0, 0, 0, 0, 0, 0
R0613D1L0, 613, 613, 2023-01-05 23:37:42, 1, 0, 0.0, 0, 0, 0, 0, 0, 0, 0, 0, 0
R0613D1L0, 613, 613, 2023-01-05 23:43:42, 1, 0, 0.0, 0, 0, 0, 0, 0, 0, 0, 0, 0
R0613D1L0, 613, 613, 2023-01-05 23:47:43, 1, 0, 0.0, 0, 0, 0, 0, 0, 0, 0, 0, 0
R0613D1L0, 613, 613, 2023-01-05 23:51:42, 1, 0, 0.0, 0, 0, 0, 0, 0, 0, 0, 0, 0
R0613D1L0, 613, 613, 2023-01-05 23:57:42, 1, 0, 0.0, 0, 0, 0, 0, 0, 0, 0, 0, 0
